ModType,NoisePSD,Seed,EqSNR_dB,LockPct,BER,FER,SyncOK,DecodeOK,ZeroErrorOK
QPSK,-152,364232726,5.2619834413737,100,0,0,1,1,1
QPSK,-152,364233735,5.26193653384567,100,0,0,1,1,1
QPSK,-152,364234744,5.26177086878671,100,0,0,1,1,1
QPSK,-152,364235753,5.26188209670909,100,0,0,1,1,1
QPSK,-152,364236762,5.26181956198289,100,0,0,1,1,1
QPSK,-152,364237771,5.26190218222229,100,0,0,1,1,1
QPSK,-152,364238780,5.26204301849823,100,0,0,1,1,1
QPSK,-152,364239789,5.2619996002264,100,0,0,1,1,1
QPSK,-152,364240798,5.2618318717998,100,0,0,1,1,1
QPSK,-152,364241807,5.26196137205423,100,0,0,1,1,1
QPSK,-151,364232726,4.2619834413737,100,0,0,1,1,1
QPSK,-151,364233735,4.26193653384567,100,0,0,1,1,1
QPSK,-151,364234744,4.26177086878671,100,0,0,1,1,1
QPSK,-151,364235753,4.26188209670909,100,0,0,1,1,1
QPSK,-151,364236762,4.26181956198289,100,0,0,1,1,1
QPSK,-151,364237771,4.26190218222229,100,0,0,1,1,1
QPSK,-151,364238780,4.26204301849823,100,0,0,1,1,1
QPSK,-151,364239789,4.2619996002264,100,0,0,1,1,1
QPSK,-151,364240798,4.2618318717998,100,0,0,1,1,1
QPSK,-151,364241807,4.26196137205423,100,0,0,1,1,1
QPSK,-150,364232726,3.2619834413737,100,0,0,1,1,1
QPSK,-150,364233735,3.26193653384567,100,0,0,1,1,1
QPSK,-150,364234744,3.26177086878671,100,0,0,1,1,1
QPSK,-150,364235753,3.26188209670909,100,0,0,1,1,1
QPSK,-150,364236762,3.26181956198289,100,0,0,1,1,1
QPSK,-150,364237771,3.26190218222229,100,0,0,1,1,1
QPSK,-150,364238780,3.26204301849823,100,0,0,1,1,1
QPSK,-150,364239789,3.2619996002264,100,0,0,1,1,1
QPSK,-150,364240798,3.2618318717998,100,0,0,1,1,1
QPSK,-150,364241807,3.26196137205423,100,0,0,1,1,1
QPSK,-149,364232726,2.2619834413737,100,0.000313464506172839,0.0123456790123457,1,0,0
QPSK,-149,364233735,2.26193653384567,100,0,0,1,1,1
QPSK,-149,364234744,2.26177086878671,100,0.00632957175925926,0.0123456790123457,1,0,0
QPSK,-149,364235753,2.26188209670909,100,0,0,1,1,1
QPSK,-149,364236762,2.26181956198289,100,0,0,1,1,1
QPSK,-149,364237771,2.26190218222229,100,0,0,1,1,1
QPSK,-149,364238780,2.26204301849823,100,0,0,1,1,1
QPSK,-149,364239789,2.2619996002264,100,0,0,1,1,1
QPSK,-149,364240798,2.2618318717998,100,0,0,1,1,1
QPSK,-149,364241807,2.26196137205423,100,0,0,1,1,1
QPSK,-148,364232726,1.2619834413737,100,0.000590760030864198,0.0123456790123457,1,0,0
QPSK,-148,364233735,1.26193653384567,100,0,0,1,1,1
QPSK,-148,364234744,1.26177086878671,100,0.0110677083333333,0.0246913580246914,1,0,0
QPSK,-148,364235753,1.26188209670909,100,0.00212191358024691,0.0123456790123457,1,0,0
QPSK,-148,364236762,1.26181956198289,100,0.00563030478395062,0.0123456790123457,1,0,0
QPSK,-148,364237771,1.26190218222229,100,0.00583526234567901,0.0123456790123457,1,0,0
QPSK,-148,364238780,1.26204301849823,100,0,0,1,1,1
QPSK,-148,364239789,1.2619996002264,100,0,0,1,1,1
QPSK,-148,364240798,1.2618318717998,100,0,0,1,1,1
QPSK,-148,364241807,1.26196137205423,100,0,0,1,1,1
QPSK,-147,364232726,0.261983441373701,98.876404494382,0.01160888671875,0.025,1,0,0
QPSK,-147,364233735,0.26193653384567,98.876404494382,0.00269481803797468,0.0379746835443038,1,0,0
QPSK,-147,364234744,0.261770868786712,98.876404494382,0.0127685546875,0.0375,1,0,0
QPSK,-147,364235753,0.261882096709087,100,0.00307436342592593,0.0246913580246914,1,0,0
QPSK,-147,364236762,0.26181956198289,98.876404494382,0.02374267578125,0.05,1,0,0
QPSK,-147,364237771,0.261902182222286,100,0.00032958984375,0.0125,1,0,0
QPSK,-147,364238780,0.262043018498233,97.752808988764,0.00921630859375,0.0375,0,0,0
QPSK,-147,364239789,0.261999600226403,100,0.00220947265625,0.025,1,0,0
QPSK,-147,364240798,0.261831871799799,97.752808988764,0.0136471518987342,0.0379746835443038,0,0,0
QPSK,-147,364241807,0.26196137205423,98.876404494382,0.00662841796875,0.025,1,0,0
QPSK,-146,364232726,-0.738016558626299,98.876404494382,0.02083740234375,0.0875,1,0,0
QPSK,-146,364233735,-0.73806346615433,100,0.0238454311708861,0.0886075949367089,1,0,0
QPSK,-146,364234744,-0.738229131213288,100,0.0298394097222222,0.0740740740740741,1,0,0
QPSK,-146,364235753,-0.738117903290913,100,0.02457275390625,0.0875,1,0,0
QPSK,-146,364236762,-0.73818043801711,97.752808988764,0.022040644778481,0.0506329113924051,0,0,0
QPSK,-146,364237771,-0.738097817777714,97.752808988764,0.01329345703125,0.1,0,0,0
QPSK,-146,364238780,-0.737956981501767,98.876404494382,0.0331669560185185,0.123456790123457,1,0,0
QPSK,-146,364239789,-0.738000399773597,96.6292134831461,0.00890320616883117,0.038961038961039,0,0,0
QPSK,-146,364240798,-0.738168128200201,94.3820224719101,0.0213151041666667,0.0533333333333333,0,0,0
QPSK,-146,364241807,-0.73803862794577,95.5056179775281,0.0116553368506494,0.051948051948052,0,0,0
16QAM,-156,364232726,9.79170217140496,100,0,0,1,1,1
16QAM,-156,364233735,9.79520513586374,100,0,0,1,1,1
16QAM,-156,364234744,9.78798809459676,100,0,0,1,1,1
16QAM,-156,364235753,9.79055159528244,100,0,0,1,1,1
16QAM,-156,364236762,9.78261744984316,100,0,0,1,1,1
16QAM,-156,364237771,9.77126591697183,100,0,0,1,1,1
16QAM,-156,364238780,9.78825573234865,100,0,0,1,1,1
16QAM,-156,364239789,9.77479858986577,100,0,0,1,1,1
16QAM,-156,364240798,9.78801618037197,100,0,0,1,1,1
16QAM,-156,364241807,9.7861131264476,100,0,0,1,1,1
16QAM,-155,364232726,8.79170217140496,100,0.00688416280864198,0.037037037037037,1,0,0
16QAM,-155,364233735,8.79520513586374,100,0,0,1,1,1
16QAM,-155,364234744,8.78798809459676,100,0,0,1,1,1
16QAM,-155,364235753,8.79055159528244,98.876404494382,0.00570068359375,0.0125,1,0,0
16QAM,-155,364236762,8.78261744984316,100,0,0,1,1,1
16QAM,-155,364237771,8.77126591697183,100,0,0,1,1,1
16QAM,-155,364238780,8.78825573234865,100,0,0,1,1,1
16QAM,-155,364239789,8.77479858986577,100,0,0,1,1,1
16QAM,-155,364240798,8.78801618037197,98.876404494382,0,0,1,1,1
16QAM,-155,364241807,8.7861131264476,98.876404494382,0,0,1,1,1
16QAM,-154,364232726,7.79170217140496,100,0,0,1,1,1
16QAM,-154,364233735,7.79520513586374,100,0.0117549189814815,0.0246913580246914,1,0,0
16QAM,-154,364234744,7.78798809459676,100,0,0,1,1,1
16QAM,-154,364235753,7.79055159528244,98.876404494382,0.00604021990740741,0.0123456790123457,1,0,0
16QAM,-154,364236762,7.78261744984316,100,0,0,1,1,1
16QAM,-154,364237771,7.77126591697183,100,0.00380979938271605,0.0123456790123457,1,0,0
16QAM,-154,364238780,7.78825573234865,100,0.00659481095679012,0.0123456790123457,1,0,0
16QAM,-154,364239789,7.77479858986577,98.876404494382,0.00595703125,0.0125,1,0,0
16QAM,-154,364240798,7.78801618037197,100,0.00247154706790123,0.0123456790123457,1,0,0
16QAM,-154,364241807,7.7861131264476,100,0.00523244598765432,0.0123456790123457,1,0,0
16QAM,-153,364232726,6.79170217140496,95.5056179775281,0.0125050730519481,0.025974025974026,0,0,0
16QAM,-153,364233735,6.79520513586374,98.876404494382,0.00791015625,0.025,1,0,0
16QAM,-153,364234744,6.78798809459676,97.752808988764,0,0,0,0,0
16QAM,-153,364235753,6.79055159528244,98.876404494382,0.0112847222222222,0.0246913580246914,1,0,0
16QAM,-153,364236762,6.78261744984316,97.752808988764,0.0118176424050633,0.0253164556962025,0,0,0
16QAM,-153,364237771,6.77126591697183,97.752808988764,0.0126458662974684,0.0253164556962025,0,0,0
16QAM,-153,364238780,6.78825573234865,97.752808988764,0.0119412579113924,0.0253164556962025,0,0,0
16QAM,-153,364239789,6.77479858986577,96.6292134831461,0.0186047676282051,0.0384615384615385,0,0,0
16QAM,-153,364240798,6.78801618037197,95.5056179775281,0,0,0,0,0
16QAM,-153,364241807,6.7861131264476,96.6292134831461,0,0,0,0,0
16QAM,-152,364232726,5.79170217140496,94.3820224719101,0.0130550986842105,0.0263157894736842,0,0,0
16QAM,-152,364233735,5.79520513586374,95.5056179775281,0.0312249599358974,0.0641025641025641,0,0,0
16QAM,-152,364234744,5.78798809459676,97.752808988764,0.02073974609375,0.05,0,0,0
16QAM,-152,364235753,5.79055159528244,95.5056179775281,0.00595953525641026,0.0128205128205128,0,0,0
16QAM,-152,364236762,5.78261744984316,97.752808988764,0.0117558346518987,0.0253164556962025,0,0,0
16QAM,-152,364237771,5.77126591697183,96.6292134831461,0.0276527887658228,0.0632911392405063,0,0,0
16QAM,-152,364238780,5.78825573234865,97.752808988764,0.012139042721519,0.0253164556962025,0,0,0
16QAM,-152,364239789,5.77479858986577,94.3820224719101,0.0166015625,0.0526315789473684,0,0,0
16QAM,-152,364240798,5.78801618037197,96.6292134831461,0.0330153245192308,0.0769230769230769,0,0,0
16QAM,-152,364241807,5.7861131264476,96.6292134831461,0.0212158203125,0.05,0,0,0
16QAM,-151,364232726,4.79170217140496,94.3820224719101,0.0593904194078947,0.144736842105263,0,0,0
16QAM,-151,364233735,4.79520513586374,94.3820224719101,0.0571414262820513,0.141025641025641,0,0,0
16QAM,-151,364234744,4.78798809459676,89.8876404494382,0.0327081549657534,0.0958904109589041,0,0,0
16QAM,-151,364235753,4.79055159528244,95.5056179775281,0.0322646103896104,0.0779220779220779,0,0,0
16QAM,-151,364236762,4.78261744984316,95.5056179775281,0.0390249399038462,0.0897435897435897,0,0,0
16QAM,-151,364237771,4.77126591697183,87.6404494382023,0.0268487799657534,0.0547945205479452,0,0,0
16QAM,-151,364238780,4.78825573234865,95.5056179775281,0.0285832331730769,0.0769230769230769,0,0,0
16QAM,-151,364239789,4.77479858986577,91.0112359550562,0.0519270833333333,0.12,0,0,0
16QAM,-151,364240798,4.78801618037197,94.3820224719101,0.0374184137658228,0.0886075949367089,0,0,0
16QAM,-151,364241807,4.7861131264476,87.6404494382023,0.017578125,0.0416666666666667,0,0,0
16QAM,-150,364232726,3.79170217140496,87.6404494382023,0.059814453125,0.166666666666667,0,0,0
16QAM,-150,364233735,3.79520513586374,87.6404494382023,0.0571010044642857,0.128571428571429,0,0,0
16QAM,-150,364234744,3.78798809459676,87.6404494382023,0.0682915581597222,0.138888888888889,0,0,0
16QAM,-150,364235753,3.79055159528244,93.2584269662921,0.0744194135273973,0.164383561643836,0,0,0
16QAM,-150,364236762,3.78261744984316,92.1348314606742,0.0594675164473684,0.131578947368421,0,0,0
16QAM,-150,364237771,3.77126591697183,82.0224719101124,0.0165153952205882,0.0588235294117647,0,0,0
16QAM,-150,364238780,3.78825573234865,89.8876404494382,0.0491536458333333,0.125,0,0,0
16QAM,-150,364239789,3.77479858986577,86.5168539325843,0.0623349471830986,0.126760563380282,0,0,0
16QAM,-150,364240798,3.78801618037197,46.0674157303371,0.0721794577205882,0.147058823529412,0,0,0
16QAM,-150,364241807,3.7861131264476,88.7640449438202,0.0541434151785714,0.142857142857143,0,0,0
32QAM,-164,364232726,18.2443402806699,98.876404494382,2.41126543209877e-05,0.0123456790123457,1,0,0
32QAM,-164,364233735,18.2626147029254,100,0,0,1,1,1
32QAM,-164,364234744,18.2524932950489,98.876404494382,0,0,1,1,1
32QAM,-164,364235753,18.2529370301739,98.876404494382,0,0,1,1,1
32QAM,-164,364236762,18.2497019820106,98.876404494382,0,0,1,1,1
32QAM,-164,364237771,18.2658420087252,100,1.20563271604938e-05,0.0123456790123457,1,0,0
32QAM,-164,364238780,18.2638061835034,100,0,0,1,1,1
32QAM,-164,364239789,18.253390822982,98.876404494382,0,0,1,1,1
32QAM,-164,364240798,18.2515776778802,98.876404494382,2.41126543209877e-05,0.0123456790123457,1,0,0
32QAM,-164,364241807,18.2497432855953,100,0.00564500762195122,0.0121951219512195,1,0,0
32QAM,-163,364232726,17.2443402806699,98.876404494382,0,0,1,1,1
32QAM,-163,364233735,17.2626147029254,100,0,0,1,1,1
32QAM,-163,364234744,17.2524932950489,100,0,0,1,1,1
32QAM,-163,364235753,17.2529370301739,98.876404494382,0,0,1,1,1
32QAM,-163,364236762,17.2497019820106,98.876404494382,0,0,1,1,1
32QAM,-163,364237771,17.2658420087252,100,1.20563271604938e-05,0.0123456790123457,1,0,0
32QAM,-163,364238780,17.2638061835034,98.876404494382,0,0,1,1,1
32QAM,-163,364239789,17.253390822982,98.876404494382,0,0,1,1,1
32QAM,-163,364240798,17.2515776778802,98.876404494382,4.82253086419753e-05,0.0123456790123457,1,0,0
32QAM,-163,364241807,17.2497432855953,98.876404494382,0.00612137957317073,0.0121951219512195,1,0,0
32QAM,-162,364232726,16.2443402806699,98.876404494382,0,0,1,1,1
32QAM,-162,364233735,16.2626147029254,98.876404494382,0,0,1,1,1
32QAM,-162,364234744,16.2524932950489,98.876404494382,0,0,1,1,1
32QAM,-162,364235753,16.2529370301739,98.876404494382,0,0,1,1,1
32QAM,-162,364236762,16.2497019820106,98.876404494382,0,0,1,1,1
32QAM,-162,364237771,16.2658420087252,100,0,0,1,1,1
32QAM,-162,364238780,16.2638061835034,98.876404494382,0,0,1,1,1
32QAM,-162,364239789,16.253390822982,98.876404494382,0,0,1,1,1
32QAM,-162,364240798,16.2515776778802,98.876404494382,0.00607638888888889,0.0123456790123457,1,0,0
32QAM,-162,364241807,16.2497432855953,100,0.00608565167682927,0.0121951219512195,1,0,0
32QAM,-161,364232726,15.2443402806699,98.876404494382,1.20563271604938e-05,0.0123456790123457,1,0,0
32QAM,-161,364233735,15.2626147029254,98.876404494382,0,0,1,1,1
32QAM,-161,364234744,15.2524932950489,98.876404494382,0,0,1,1,1
32QAM,-161,364235753,15.2529370301739,98.876404494382,0,0,1,1,1
32QAM,-161,364236762,15.2497019820106,100,0,0,1,1,1
32QAM,-161,364237771,15.2658420087252,98.876404494382,0,0,1,1,1
32QAM,-161,364238780,15.2638061835034,98.876404494382,0,0,1,1,1
32QAM,-161,364239789,15.253390822982,98.876404494382,0,0,1,1,1
32QAM,-161,364240798,15.2515776778802,98.876404494382,0.00610050154320988,0.0123456790123457,1,0,0
32QAM,-161,364241807,15.2497432855953,100,6.02816358024691e-05,0.0123456790123457,1,0,0
32QAM,-160,364232726,14.2443402806699,98.876404494382,1.20563271604938e-05,0.0123456790123457,1,0,0
32QAM,-160,364233735,14.2626147029254,100,0,0,1,1,1
32QAM,-160,364234744,14.2524932950489,98.876404494382,0,0,1,1,1
32QAM,-160,364235753,14.2529370301739,98.876404494382,0.00596788194444444,0.0123456790123457,1,0,0
32QAM,-160,364236762,14.2497019820106,98.876404494382,0,0,1,1,1
32QAM,-160,364237771,14.2658420087252,100,0,0,1,1,1
32QAM,-160,364238780,14.2638061835034,98.876404494382,0.0060643325617284,0.0123456790123457,1,0,0
32QAM,-160,364239789,14.253390822982,98.876404494382,0,0,1,1,1
32QAM,-160,364240798,14.2515776778802,97.752808988764,0.00618896484375,0.0125,0,0,0
32QAM,-160,364241807,14.2497432855953,98.876404494382,2.41126543209877e-05,0.0123456790123457,1,0,0
32QAM,-159,364232726,13.2443402806699,98.876404494382,0,0,1,1,1
32QAM,-159,364233735,13.2626147029254,100,0,0,1,1,1
32QAM,-159,364234744,13.2524932950489,98.876404494382,0,0,1,1,1
32QAM,-159,364235753,13.2529370301739,98.876404494382,0.00610050154320988,0.0123456790123457,1,0,0
32QAM,-159,364236762,13.2497019820106,100,0.00622856326219512,0.0121951219512195,1,0,0
32QAM,-159,364237771,13.2658420087252,98.876404494382,0,0,1,1,1
32QAM,-159,364238780,13.2638061835034,98.876404494382,0.0114896797839506,0.0246913580246914,1,0,0
32QAM,-159,364239789,13.253390822982,98.876404494382,0,0,1,1,1
32QAM,-159,364240798,13.2515776778802,97.752808988764,0.00595703125,0.0125,0,0,0
32QAM,-159,364241807,13.2497432855953,98.876404494382,1.20563271604938e-05,0.0123456790123457,1,0,0
32QAM,-158,364232726,12.2443402806699,98.876404494382,0.00622106481481481,0.0123456790123457,1,0,0
32QAM,-158,364233735,12.2626147029254,100,0,0,1,1,1
32QAM,-158,364234744,12.2524932950489,98.876404494382,0,0,1,1,1
32QAM,-158,364235753,12.2529370301739,97.752808988764,0,0,0,0,0
32QAM,-158,364236762,12.2497019820106,100,1.20563271604938e-05,0.0123456790123457,1,0,0
32QAM,-158,364237771,12.2658420087252,96.6292134831461,0,0,0,0,0
32QAM,-158,364238780,12.2638061835034,98.876404494382,0.0014092167721519,0.0126582278481013,1,0,0
32QAM,-158,364239789,12.253390822982,98.876404494382,0,0,1,1,1
32QAM,-158,364240798,12.2515776778802,97.752808988764,0.0107421875,0.025,0,0,0
32QAM,-158,364241807,12.2497432855953,98.876404494382,0,0,1,1,1
32QAM,-157,364232726,11.2443402806699,97.752808988764,0.00619695216049383,0.0246913580246914,0,0,0
32QAM,-157,364233735,11.2626147029254,98.876404494382,0,0,1,1,1
32QAM,-157,364234744,11.2524932950489,97.752808988764,0.00256799768518519,0.0123456790123457,0,0,0
32QAM,-157,364235753,11.2529370301739,97.752808988764,0,0,0,0,0
32QAM,-157,364236762,11.2497019820106,96.6292134831461,0.0181884765625,0.0375,0,0,0
32QAM,-157,364237771,11.2658420087252,97.752808988764,0.00173177083333333,0.0133333333333333,0,0,0
32QAM,-157,364238780,11.2638061835034,98.876404494382,0.017602237654321,0.037037037037037,1,0,0
32QAM,-157,364239789,11.253390822982,96.6292134831461,0,0,0,0,0
32QAM,-157,364240798,11.2515776778802,95.5056179775281,0.0181396484375,0.0375,0,0,0
32QAM,-157,364241807,11.2497432855953,98.876404494382,0.00194060496794872,0.0128205128205128,1,0,0
32QAM,-156,364232726,10.2443402806699,97.752808988764,0.0239076967592593,0.0493827160493827,0,0,0
32QAM,-156,364233735,10.2626147029254,96.6292134831461,1.26826298701299e-05,0.012987012987013,0,0,0
32QAM,-156,364234744,10.2524932950489,92.1348314606742,0.0159153293918919,0.0540540540540541,0,0,0
32QAM,-156,364235753,10.2529370301739,95.5056179775281,0.00658176369863014,0.0136986301369863,0,0,0
32QAM,-156,364236762,10.2497019820106,96.6292134831461,0.0228688686708861,0.0759493670886076,0,0,0
32QAM,-156,364237771,10.2658420087252,97.752808988764,0.0176625192901235,0.037037037037037,0,0,0
32QAM,-156,364238780,10.2638061835034,94.3820224719101,0.023336038961039,0.0649350649350649,0,0,0
32QAM,-156,364239789,10.253390822982,94.3820224719101,0.00954026442307692,0.0384615384615385,0,0,0
32QAM,-156,364240798,10.2515776778802,94.3820224719101,0.0179912860576923,0.0769230769230769,0,0,0
32QAM,-156,364241807,10.2497432855953,96.6292134831461,0.00592041015625,0.0125,0,0,0
32QAM,-155,364232726,9.24434028066986,91.0112359550562,0.0397046232876712,0.10958904109589,0,0,0
32QAM,-155,364233735,9.26261470292539,95.5056179775281,0.0409628378378378,0.135135135135135,0,0,0
32QAM,-155,364234744,9.25249329504885,91.0112359550562,0.04736328125,0.121621621621622,0,0,0
32QAM,-155,364235753,9.25293703017394,94.3820224719101,0.0153130425347222,0.0555555555555556,0,0,0
32QAM,-155,364236762,9.24970198201063,88.7640449438202,0.0293100717905405,0.0810810810810811,0,0,0
32QAM,-155,364237771,9.2658420087252,97.752808988764,0.0200135030864198,0.0740740740740741,0,0,0
32QAM,-155,364238780,9.26380618350345,92.1348314606742,0.0473569399350649,0.116883116883117,0,0,0
32QAM,-155,364239789,9.25339082298197,91.0112359550562,0.0363175675675676,0.121621621621622,0,0,0
32QAM,-155,364240798,9.25157767788021,91.0112359550562,0.0448014768835616,0.123287671232877,0,0,0
32QAM,-155,364241807,9.24974328559534,92.1348314606742,0.0282946134868421,0.0657894736842105,0,0,0
32QAM,-154,364232726,8.24434028066986,80.8988764044944,0.0974786931818182,0.212121212121212,0,0,0
32QAM,-154,364233735,8.26261470292539,87.6404494382023,0.0654296875,0.176470588235294,0,0,0
32QAM,-154,364234744,8.25249329504885,80.8988764044944,0.0580357142857143,0.158730158730159,0,0,0
32QAM,-154,364235753,8.25293703017394,43.8202247191011,0.228407118055556,0.555555555555556,0,0,0
32QAM,-154,364236762,8.24970198201063,60.6741573033708,0.0137803819444444,0.0277777777777778,0,0,0
32QAM,-154,364237771,8.2658420087252,0,0.5,NaN,0,0,0
32QAM,-154,364238780,8.26380618350345,86.5168539325843,0.0724103009259259,0.166666666666667,0,0,0
32QAM,-154,364239789,8.25339082298197,85.3932584269663,0.0597452192164179,0.164179104477612,0,0,0
32QAM,-154,364240798,8.25157767788021,87.6404494382023,0.0675030048076923,0.184615384615385,0,0,0
32QAM,-154,364241807,8.24974328559534,85.3932584269663,0.0721400669642857,0.2,0,0,0
16APSK,-164,364232726,17.7912208405486,100,0,0,1,1,1
16APSK,-164,364233735,17.7835960545389,100,0,0,1,1,1
16APSK,-164,364234744,17.7791024628318,100,0,0,1,1,1
16APSK,-164,364235753,17.7830920996295,100,0,0,1,1,1
16APSK,-164,364236762,17.7780972348025,100,0,0,1,1,1
16APSK,-164,364237771,17.7823478985795,100,0,0,1,1,1
16APSK,-164,364238780,17.794896231185,100,0,0,1,1,1
16APSK,-164,364239789,17.7789143519149,100,0.00015673225308642,0.0246913580246914,1,0,0
16APSK,-164,364240798,17.7875532604878,100,1.20563271604938e-05,0.0123456790123457,1,0,0
16APSK,-164,364241807,17.7932000208841,100,0,0,1,1,1
16APSK,-163,364232726,16.7912208405486,100,0,0,1,1,1
16APSK,-163,364233735,16.7835960545389,100,0,0,1,1,1
16APSK,-163,364234744,16.7791024628318,100,4.82253086419753e-05,0.0123456790123457,1,0,0
16APSK,-163,364235753,16.7830920996295,98.876404494382,0,0,1,1,1
16APSK,-163,364236762,16.7780972348025,100,0,0,1,1,1
16APSK,-163,364237771,16.7823478985795,100,2.41126543209877e-05,0.0123456790123457,1,0,0
16APSK,-163,364238780,16.794896231185,100,0,0,1,1,1
16APSK,-163,364239789,16.7789143519149,100,0.00465374228395062,0.0246913580246914,1,0,0
16APSK,-163,364240798,16.7875532604878,100,2.41126543209877e-05,0.0246913580246914,1,0,0
16APSK,-163,364241807,16.7932000208841,100,0,0,1,1,1
16APSK,-162,364232726,15.7912208405486,100,0,0,1,1,1
16APSK,-162,364233735,15.7835960545389,100,2.41126543209877e-05,0.0123456790123457,1,0,0
16APSK,-162,364234744,15.7791024628318,100,0.00536506558641975,0.0246913580246914,1,0,0
16APSK,-162,364235753,15.7830920996295,98.876404494382,0.00591965663580247,0.0246913580246914,1,0,0
16APSK,-162,364236762,15.7780972348025,100,0,0,1,1,1
16APSK,-162,364237771,15.7823478985795,100,2.41126543209877e-05,0.0123456790123457,1,0,0
16APSK,-162,364238780,15.794896231185,100,2.41126543209877e-05,0.0123456790123457,1,0,0
16APSK,-162,364239789,15.7789143519149,98.876404494382,0.00443672839506173,0.0246913580246914,1,0,0
16APSK,-162,364240798,15.7875532604878,100,0.00126591435185185,0.0246913580246914,1,0,0
16APSK,-162,364241807,15.7932000208841,100,0,0,1,1,1
16APSK,-161,364232726,14.7912208405486,100,0.00417148919753086,0.0246913580246914,1,0,0
16APSK,-161,364233735,14.7835960545389,100,0.0082103587962963,0.0617283950617284,1,0,0
16APSK,-161,364234744,14.7791024628318,100,0.00131413966049383,0.037037037037037,1,0,0
16APSK,-161,364235753,14.7830920996295,98.876404494382,0.000277295524691358,0.0493827160493827,1,0,0
16APSK,-161,364236762,14.7780972348025,100,0,0,1,1,1
16APSK,-161,364237771,14.7823478985795,100,0.000168788580246914,0.0246913580246914,1,0,0
16APSK,-161,364238780,14.794896231185,100,0,0,1,1,1
16APSK,-161,364239789,14.7789143519149,98.876404494382,0.000337577160493827,0.037037037037037,1,0,0
16APSK,-161,364240798,14.7875532604878,100,0.00148292824074074,0.0246913580246914,1,0,0
16APSK,-161,364241807,14.7932000208841,98.876404494382,0,0,1,1,1
16APSK,-160,364232726,13.7912208405486,100,0.00179639274691358,0.037037037037037,1,0,0
16APSK,-160,364233735,13.7835960545389,100,0.010718074845679,0.0864197530864197,1,0,0
16APSK,-160,364234744,13.7791024628318,98.876404494382,0.0164086612654321,0.0740740740740741,1,0,0
16APSK,-160,364235753,13.7830920996295,98.876404494382,0.00718557098765432,0.0740740740740741,1,0,0
16APSK,-160,364236762,13.7780972348025,100,0.000313464506172839,0.0246913580246914,1,0,0
16APSK,-160,364237771,13.7823478985795,100,0.00109712577160494,0.037037037037037,1,0,0
16APSK,-160,364238780,13.794896231185,100,0.00481047453703704,0.0493827160493827,1,0,0
16APSK,-160,364239789,13.7789143519149,100,0.0163514672256098,0.0487804878048781,1,0,0
16APSK,-160,364240798,13.7875532604878,100,0.0106819058641975,0.0493827160493827,1,0,0
16APSK,-160,364241807,13.7932000208841,100,0.0117549189814815,0.0493827160493827,1,0,0
16APSK,-159,364232726,12.7912208405486,100,0.0149980709876543,0.0740740740740741,1,0,0
16APSK,-159,364233735,12.7835960545389,100,0.017650462962963,0.0864197530864197,1,0,0
16APSK,-159,364234744,12.7791024628318,97.752808988764,0.00843505859375,0.1125,0,0,0
16APSK,-159,364235753,12.7830920996295,97.752808988764,0.0142333984375,0.0875,0,0,0
16APSK,-159,364236762,12.7780972348025,100,0.00491943359375,0.0625,1,0,0
16APSK,-159,364237771,12.7823478985795,100,0.00348427854938272,0.0617283950617284,1,0,0
16APSK,-159,364238780,12.794896231185,100,0.00934365354938272,0.0987654320987654,1,0,0
16APSK,-159,364239789,12.7789143519149,98.876404494382,0.0251374421296296,0.0864197530864197,1,0,0
16APSK,-159,364240798,12.7875532604878,100,0.00944010416666667,0.0864197530864197,1,0,0
16APSK,-159,364241807,12.7932000208841,100,0.0217616705246914,0.0864197530864197,1,0,0
16APSK,-158,364232726,11.7912208405486,100,0.0447771990740741,0.111111111111111,1,0,0
16APSK,-158,364233735,11.7835960545389,98.876404494382,0.0223388671875,0.1125,1,0,0
16APSK,-158,364234744,11.7791024628318,96.6292134831461,0.0112119264240506,0.126582278481013,0,0,0
16APSK,-158,364235753,11.7830920996295,97.752808988764,0.0172814477848101,0.113924050632911,0,0,0
16APSK,-158,364236762,11.7780972348025,97.752808988764,0.0146978837025316,0.126582278481013,0,0,0
16APSK,-158,364237771,11.7823478985795,100,0.032154224537037,0.123456790123457,1,0,0
16APSK,-158,364238780,11.794896231185,100,0.0283564814814815,0.148148148148148,1,0,0
16APSK,-158,364239789,11.7789143519149,97.752808988764,0.0249267578125,0.125,0,0,0
16APSK,-158,364240798,11.7875532604878,100,0.0166618441358025,0.148148148148148,1,0,0
16APSK,-158,364241807,11.7932000208841,97.752808988764,0.0118423655063291,0.10126582278481,0,0,0
16APSK,-157,364232726,10.7912208405486,94.3820224719101,0.0452769886363636,0.12987012987013,0,0,0
16APSK,-157,364233735,10.7835960545389,97.752808988764,0.03468017578125,0.125,0,0,0
16APSK,-157,364234744,10.7791024628318,97.752808988764,0.0513004351265823,0.177215189873418,0,0,0
16APSK,-157,364235753,10.7830920996295,95.5056179775281,0.0441581530448718,0.115384615384615,0,0,0
16APSK,-157,364236762,10.7780972348025,94.3820224719101,0.0462028206168831,0.194805194805195,0,0,0
16APSK,-157,364237771,10.7823478985795,96.6292134831461,0.0465576171875,0.1375,0,0,0
16APSK,-157,364238780,10.794896231185,97.752808988764,0.0370104825949367,0.20253164556962,0,0,0
16APSK,-157,364239789,10.7789143519149,95.5056179775281,0.0406731939935065,0.181818181818182,0,0,0
16APSK,-157,364240798,10.7875532604878,98.876404494382,0.0281494140625,0.1375,1,0,0
16APSK,-157,364241807,10.7932000208841,95.5056179775281,0.0414413060897436,0.217948717948718,0,0,0
16APSK,-156,364232726,9.79122084054862,91.0112359550562,0.0675891285211268,0.169014084507042,0,0,0
16APSK,-156,364233735,9.78359605453892,93.2584269662921,0.0647969850352113,0.23943661971831,0,0,0
16APSK,-156,364234744,9.7791024628318,93.2584269662921,0.0651888912671233,0.232876712328767,0,0,0
16APSK,-156,364235753,9.78309209962947,94.3820224719101,0.081953125,0.253333333333333,0,0,0
16APSK,-156,364236762,9.77809723480252,93.2584269662921,0.0762746710526316,0.263157894736842,0,0,0
16APSK,-156,364237771,9.78234789857947,91.0112359550562,0.0504909206081081,0.243243243243243,0,0,0
16APSK,-156,364238780,9.79489623118505,94.3820224719101,0.0789410316780822,0.246575342465753,0,0,0
16APSK,-156,364239789,9.77891435191489,93.2584269662921,0.0455078125,0.186666666666667,0,0,0
16APSK,-156,364240798,9.78755326048778,96.6292134831461,0.0755029965753425,0.191780821917808,0,0,0
16APSK,-156,364241807,9.79320002088411,93.2584269662921,0.0770796654929577,0.28169014084507,0,0,0
32APSK,-168,364232726,22.2463049634057,100,0,0,1,1,1
32APSK,-168,364233735,22.2607589677387,100,0,0,1,1,1
32APSK,-168,364234744,22.2558645568546,98.876404494382,0,0,1,1,1
32APSK,-168,364235753,22.2697496363845,100,0,0,1,1,1
32APSK,-168,364236762,22.2546688854665,100,0,0,1,1,1
32APSK,-168,364237771,22.2531054833801,100,0,0,1,1,1
32APSK,-168,364238780,22.2563416950958,100,0,0,1,1,1
32APSK,-168,364239789,22.2568841129385,100,0,0,1,1,1
32APSK,-168,364240798,22.2602847346466,100,0,0,1,1,1
32APSK,-168,364241807,22.247970608917,98.876404494382,0,0,1,1,1
32APSK,-167,364232726,21.2463049634057,100,0,0,1,1,1
32APSK,-167,364233735,21.2607589677387,100,0,0,1,1,1
32APSK,-167,364234744,21.2558645568546,98.876404494382,0,0,1,1,1
32APSK,-167,364235753,21.2697496363845,100,0,0,1,1,1
32APSK,-167,364236762,21.2546688854665,100,0,0,1,1,1
32APSK,-167,364237771,21.2531054833801,100,0,0,1,1,1
32APSK,-167,364238780,21.2563416950958,100,0,0,1,1,1
32APSK,-167,364239789,21.2568841129385,100,0,0,1,1,1
32APSK,-167,364240798,21.2602847346466,100,0,0,1,1,1
32APSK,-167,364241807,21.247970608917,98.876404494382,0,0,1,1,1
32APSK,-166,364232726,20.2463049634057,100,0,0,1,1,1
32APSK,-166,364233735,20.2607589677387,100,0,0,1,1,1
32APSK,-166,364234744,20.2558645568546,98.876404494382,0,0,1,1,1
32APSK,-166,364235753,20.2697496363845,100,0,0,1,1,1
32APSK,-166,364236762,20.2546688854665,100,0,0,1,1,1
32APSK,-166,364237771,20.2531054833801,100,0,0,1,1,1
32APSK,-166,364238780,20.2563416950958,100,0,0,1,1,1
32APSK,-166,364239789,20.2568841129385,100,0,0,1,1,1
32APSK,-166,364240798,20.2602847346466,100,0,0,1,1,1
32APSK,-166,364241807,20.247970608917,98.876404494382,0,0,1,1,1
32APSK,-165,364232726,19.2463049634057,100,0,0,1,1,1
32APSK,-165,364233735,19.2607589677387,100,0,0,1,1,1
32APSK,-165,364234744,19.2558645568546,100,0,0,1,1,1
32APSK,-165,364235753,19.2697496363845,100,0,0,1,1,1
32APSK,-165,364236762,19.2546688854665,100,0,0,1,1,1
32APSK,-165,364237771,19.2531054833801,98.876404494382,0,0,1,1,1
32APSK,-165,364238780,19.2563416950958,100,0,0,1,1,1
32APSK,-165,364239789,19.2568841129385,100,0,0,1,1,1
32APSK,-165,364240798,19.2602847346466,100,0,0,1,1,1
32APSK,-165,364241807,19.247970608917,98.876404494382,0,0,1,1,1
32APSK,-164,364232726,18.2463049634057,100,0,0,1,1,1
32APSK,-164,364233735,18.2607589677387,100,0,0,1,1,1
32APSK,-164,364234744,18.2558645568546,100,0,0,1,1,1
32APSK,-164,364235753,18.2697496363845,100,0,0,1,1,1
32APSK,-164,364236762,18.2546688854665,100,0,0,1,1,1
32APSK,-164,364237771,18.2531054833801,98.876404494382,0,0,1,1,1
32APSK,-164,364238780,18.2563416950958,100,0,0,1,1,1
32APSK,-164,364239789,18.2568841129385,100,0,0,1,1,1
32APSK,-164,364240798,18.2602847346466,100,0,0,1,1,1
32APSK,-164,364241807,18.247970608917,98.876404494382,0,0,1,1,1
32APSK,-163,364232726,17.2463049634057,100,0,0,1,1,1
32APSK,-163,364233735,17.2607589677387,100,4.82253086419753e-05,0.0123456790123457,1,0,0
32APSK,-163,364234744,17.2558645568546,100,0,0,1,1,1
32APSK,-163,364235753,17.2697496363845,98.876404494382,0,0,1,1,1
32APSK,-163,364236762,17.2546688854665,98.876404494382,0,0,1,1,1
32APSK,-163,364237771,17.2531054833801,98.876404494382,0,0,1,1,1
32APSK,-163,364238780,17.2563416950958,100,0,0,1,1,1
32APSK,-163,364239789,17.2568841129385,100,0,0,1,1,1
32APSK,-163,364240798,17.2602847346466,100,0,0,1,1,1
32APSK,-163,364241807,17.247970608917,98.876404494382,0,0,1,1,1
32APSK,-162,364232726,16.2463049634057,100,0.000132619598765432,0.0123456790123457,1,0,0
32APSK,-162,364233735,16.2607589677387,100,6.02816358024691e-05,0.0246913580246914,1,0,0
32APSK,-162,364234744,16.2558645568546,98.876404494382,0,0,1,1,1
32APSK,-162,364235753,16.2697496363845,100,0,0,1,1,1
32APSK,-162,364236762,16.2546688854665,98.876404494382,0,0,1,1,1
32APSK,-162,364237771,16.2531054833801,98.876404494382,0,0,1,1,1
32APSK,-162,364238780,16.2563416950958,100,0,0,1,1,1
32APSK,-162,364239789,16.2568841129385,100,0,0,1,1,1
32APSK,-162,364240798,16.2602847346466,100,6.02816358024691e-05,0.0123456790123457,1,0,0
32APSK,-162,364241807,16.247970608917,98.876404494382,0,0,1,1,1
32APSK,-161,364232726,15.2463049634057,100,0.00015673225308642,0.037037037037037,1,0,0
32APSK,-161,364233735,15.2607589677387,100,7.2337962962963e-05,0.037037037037037,1,0,0
32APSK,-161,364234744,15.2558645568546,98.876404494382,2.41126543209877e-05,0.0123456790123457,1,0,0
32APSK,-161,364235753,15.2697496363845,100,3.61689814814815e-05,0.0246913580246914,1,0,0
32APSK,-161,364236762,15.2546688854665,100,0.000132619598765432,0.0123456790123457,1,0,0
32APSK,-161,364237771,15.2531054833801,100,2.41126543209877e-05,0.0246913580246914,1,0,0
32APSK,-161,364238780,15.2563416950958,100,0.00550974151234568,0.0123456790123457,1,0,0
32APSK,-161,364239789,15.2568841129385,100,1.20563271604938e-05,0.0123456790123457,1,0,0
32APSK,-161,364240798,15.2602847346466,100,0.000277295524691358,0.037037037037037,1,0,0
32APSK,-161,364241807,15.247970608917,98.876404494382,0,0,1,1,1
32APSK,-160,364232726,14.2463049634057,0,0.5,NaN,0,0,0
32APSK,-160,364233735,14.2607589677387,98.876404494382,3.61689814814815e-05,0.0246913580246914,1,0,0
32APSK,-160,364234744,14.2558645568546,0,0.5,NaN,0,0,0
32APSK,-160,364235753,14.2697496363845,0,0.5,NaN,0,0,0
32APSK,-160,364236762,14.2546688854665,100,0.00893373842592593,0.0740740740740741,1,0,0
32APSK,-160,364237771,14.2531054833801,100,0.000518422067901235,0.037037037037037,1,0,0
32APSK,-160,364238780,14.2563416950958,0,0.5,NaN,0,0,0
32APSK,-160,364239789,14.2568841129385,0,0.5,NaN,0,0,0
32APSK,-160,364240798,14.2602847346466,0,0.5,NaN,0,0,0
32APSK,-160,364241807,14.247970608917,98.876404494382,0.000711323302469136,0.0493827160493827,1,0,0
32APSK,-159,364232726,13.2463049634057,0,0.5,NaN,0,0,0
32APSK,-159,364233735,13.2607589677387,100,0.0025438850308642,0.0493827160493827,1,0,0
32APSK,-159,364234744,13.2558645568546,0,0.5,NaN,0,0,0
32APSK,-159,364235753,13.2697496363845,0,0.5,NaN,0,0,0
32APSK,-159,364236762,13.2546688854665,100,0.00308641975308642,0.0617283950617284,1,0,0
32APSK,-159,364237771,13.2531054833801,0,0.5,NaN,0,0,0
32APSK,-159,364238780,13.2563416950958,0,0.5,NaN,0,0,0
32APSK,-159,364239789,13.2568841129385,0,0.5,NaN,0,0,0
32APSK,-159,364240798,13.2602847346466,0,0.5,NaN,0,0,0
32APSK,-159,364241807,13.247970608917,0,0.5,NaN,0,0,0
32APSK,-158,364232726,12.2463049634057,96.6292134831461,0.0250693873355263,0.0789473684210526,0,0,0
32APSK,-158,364233735,12.2607589677387,94.3820224719101,0.00900310359589041,0.0684931506849315,0,0,0
32APSK,-158,364234744,12.2558645568546,0,0.5,NaN,0,0,0
32APSK,-158,364235753,12.2697496363845,0,0.5,NaN,0,0,0
32APSK,-158,364236762,12.2546688854665,0,0.5,NaN,0,0,0
32APSK,-158,364237771,12.2531054833801,0,0.5,NaN,0,0,0
32APSK,-158,364238780,12.2563416950958,0,0.5,NaN,0,0,0
32APSK,-158,364239789,12.2568841129385,0,0.5,NaN,0,0,0
32APSK,-158,364240798,12.2602847346466,0,0.5,NaN,0,0,0
32APSK,-158,364241807,12.247970608917,0,0.5,NaN,0,0,0
