ModType,NoisePSD_dBmHz,NoisePower_dBm,EqSNR_dB,LockPct,BER,FER,CountedFrames,FrameErrors,AcquisitionFrames,HGain_dB,Status
16APSK,-148,-76.6966623150499,1.79122084054862,0,0.5,NaN,0,0,NaN,-74.9054414745013,NO_SYNC
16APSK,-150,-78.6966623150499,3.79122084054862,0,0.5,NaN,0,0,NaN,-74.9054414745013,NO_SYNC
16APSK,-152,-80.6966623150499,5.79122084054862,38.2022471910112,0.39453125,0.909090909090909,11,10,62,-74.9054414745013,NO_SYNC
16APSK,-154,-82.6966623150499,7.79122084054862,86.5168539325843,0.155868530273438,0.421875,64,27,17,-74.9054414745013,NO_SYNC
16APSK,-156,-84.6966623150499,9.79122084054862,91.0112359550562,0.0675891285211268,0.169014084507042,71,12,11,-74.9054414745013,NO_SYNC
16APSK,-158,-86.6966623150499,11.7912208405486,100,0.0447771990740741,0.111111111111111,81,9,7,-74.9054414745013,SYNC_ONLY
16APSK,-160,-88.6966623150499,13.7912208405486,100,0.00179639274691358,0.037037037037037,81,3,3,-74.9054414745013,SYNC_ONLY
16APSK,-162,-90.6966623150499,15.7912208405486,100,0,0,81,0,3,-74.9054414745013,ZERO_ERROR
16APSK,-164,-92.6966623150499,17.7912208405486,100,0,0,81,0,3,-74.9054414745013,ZERO_ERROR
16APSK,-166,-94.6966623150499,19.7912208405486,100,0,0,81,0,3,-74.9054414745013,ZERO_ERROR
16APSK,-168,-96.6966623150499,21.7912208405486,100,0,0,81,0,3,-74.9054414745013,ZERO_ERROR
16APSK,-170,-98.6966623150499,23.7912208405486,100,0,0,81,0,3,-74.9054414745013,ZERO_ERROR
16APSK,-146,-74.6966623150499,NaN,NaN,-2,NaN,NaN,NaN,NaN,NaN,ERROR
16APSK,-144,-72.6966623150499,NaN,NaN,-2,NaN,NaN,NaN,NaN,NaN,ERROR
16APSK,-142,-70.6966623150499,NaN,NaN,-2,NaN,NaN,NaN,NaN,NaN,ERROR
16APSK,-140,-68.6966623150499,NaN,NaN,-2,NaN,NaN,NaN,NaN,NaN,ERROR
16QAM,-140,-68.6966623150499,-6.20829782859504,0,0.5,NaN,0,0,NaN,-74.904960143645,NO_SYNC
16QAM,-142,-70.6966623150499,-4.20829782859504,0,0.5,NaN,0,0,NaN,-74.904960143645,NO_SYNC
16QAM,-144,-72.6966623150499,-2.20829782859504,33.7078651685393,0.430230034722222,0.888888888888889,9,8,49,-74.904960143645,NO_SYNC
16QAM,-146,-74.6966623150499,-0.208297828595036,44.9438202247191,0.388741629464286,0.821428571428571,28,23,18,-74.904960143645,NO_SYNC
16QAM,-148,-76.6966623150499,1.79170217140496,42.6966292134831,0.154007523148148,0.407407407407407,27,11,17,-74.904960143645,NO_SYNC
16QAM,-150,-78.6966623150499,3.79170217140496,87.6404494382023,0.059814453125,0.166666666666667,72,12,11,-74.904960143645,NO_SYNC
16QAM,-152,-80.6966623150499,5.79170217140496,94.3820224719101,0.0130550986842105,0.0263157894736842,76,2,9,-74.904960143645,NO_SYNC
16QAM,-154,-82.6966623150499,7.79170217140496,100,0,0,81,0,3,-74.904960143645,ZERO_ERROR
16QAM,-156,-84.6966623150499,9.79170217140496,100,0,0,81,0,3,-74.904960143645,ZERO_ERROR
16QAM,-158,-86.6966623150499,11.791702171405,100,0,0,81,0,3,-74.904960143645,ZERO_ERROR
16QAM,-160,-88.6966623150499,13.791702171405,100,0,0,81,0,3,-74.904960143645,ZERO_ERROR
16QAM,-162,-90.6966623150499,15.791702171405,100,0,0,81,0,3,-74.904960143645,ZERO_ERROR
16QAM,-164,-92.6966623150499,17.791702171405,100,0,0,81,0,3,-74.904960143645,ZERO_ERROR
16QAM,-166,-94.6966623150499,19.791702171405,100,0,0,81,0,3,-74.904960143645,ZERO_ERROR
16QAM,-168,-96.6966623150499,21.791702171405,100,0,0,81,0,3,-74.904960143645,ZERO_ERROR
16QAM,-170,-98.6966623150499,23.791702171405,100,0,0,81,0,3,-74.904960143645,ZERO_ERROR
32APSK,-150,-78.6966623150499,4.24630496340575,0,0.5,NaN,0,0,NaN,-74.4503573516442,NO_SYNC
32APSK,-152,-80.6966623150499,6.24630496340575,0,0.5,NaN,0,0,NaN,-74.4503573516442,NO_SYNC
32APSK,-154,-82.6966623150499,8.24630496340575,0,0.5,NaN,0,0,NaN,-74.4503573516442,NO_SYNC
32APSK,-156,-84.6966623150499,10.2463049634057,0,0.5,NaN,0,0,NaN,-74.4503573516442,NO_SYNC
32APSK,-158,-86.6966623150499,12.2463049634057,96.6292134831461,0.0250693873355263,0.0789473684210526,76,6,12,-74.4503573516442,NO_SYNC
32APSK,-160,-88.6966623150499,14.2463049634057,0,0.5,NaN,0,0,NaN,-74.4503573516442,NO_SYNC
32APSK,-162,-90.6966623150499,16.2463049634057,100,0.000132619598765432,0.0123456790123457,81,1,4,-74.4503573516442,SYNC_ONLY
32APSK,-164,-92.6966623150499,18.2463049634057,100,0,0,81,0,4,-74.4503573516442,ZERO_ERROR
32APSK,-166,-94.6966623150499,20.2463049634057,100,0,0,81,0,4,-74.4503573516442,ZERO_ERROR
32APSK,-168,-96.6966623150499,22.2463049634057,100,0,0,81,0,4,-74.4503573516442,ZERO_ERROR
32APSK,-170,-98.6966623150499,24.2463049634057,100,0,0,81,0,4,-74.4503573516442,ZERO_ERROR
32APSK,-148,-76.6966623150499,NaN,NaN,-2,NaN,NaN,NaN,NaN,NaN,ERROR
32APSK,-146,-74.6966623150499,NaN,NaN,-2,NaN,NaN,NaN,NaN,NaN,ERROR
32APSK,-144,-72.6966623150499,NaN,NaN,-2,NaN,NaN,NaN,NaN,NaN,ERROR
32APSK,-142,-70.6966623150499,NaN,NaN,-2,NaN,NaN,NaN,NaN,NaN,ERROR
32APSK,-140,-68.6966623150499,NaN,NaN,-2,NaN,NaN,NaN,NaN,NaN,ERROR
32QAM,-140,-68.6966623150499,-5.75565971933014,0,0.5,NaN,0,0,NaN,-74.4523220343801,NO_SYNC
32QAM,-142,-70.6966623150499,-3.75565971933014,0,0.5,NaN,0,0,NaN,-74.4523220343801,NO_SYNC
32QAM,-144,-72.6966623150499,-1.75565971933014,0,0.5,NaN,0,0,NaN,-74.4523220343801,NO_SYNC
32QAM,-146,-74.6966623150499,0.24434028066986,0,0.5,NaN,0,0,NaN,-74.4523220343801,NO_SYNC
32QAM,-148,-76.6966623150499,2.24434028066986,0,0.5,NaN,0,0,NaN,-74.4523220343801,NO_SYNC
32QAM,-150,-78.6966623150499,4.24434028066986,37.0786516853933,0.267503004807692,0.538461538461538,13,7,63,-74.4523220343801,NO_SYNC
32QAM,-152,-80.6966623150499,6.24434028066986,61.7977528089888,0.0474105342741935,0.0967741935483871,31,3,56,-74.4523220343801,NO_SYNC
32QAM,-154,-82.6966623150499,8.24434028066986,80.8988764044944,0.0974786931818182,0.212121212121212,66,14,13,-74.4523220343801,NO_SYNC
32QAM,-156,-84.6966623150499,10.2443402806699,97.752808988764,0.0239076967592593,0.0493827160493827,81,4,9,-74.4523220343801,NO_SYNC
32QAM,-158,-86.6966623150499,12.2443402806699,98.876404494382,0.00622106481481481,0.0123456790123457,81,1,4,-74.4523220343801,NO_SYNC
32QAM,-160,-88.6966623150499,14.2443402806699,98.876404494382,1.20563271604938e-05,0.0123456790123457,81,1,4,-74.4523220343801,NO_SYNC
32QAM,-162,-90.6966623150499,16.2443402806699,98.876404494382,0,0,81,0,4,-74.4523220343801,NO_SYNC
32QAM,-164,-92.6966623150499,18.2443402806699,98.876404494382,2.41126543209877e-05,0.0123456790123457,81,1,4,-74.4523220343801,NO_SYNC
32QAM,-166,-94.6966623150499,20.2443402806699,98.876404494382,3.61689814814815e-05,0.0123456790123457,81,1,4,-74.4523220343801,NO_SYNC
32QAM,-168,-96.6966623150499,22.2443402806699,98.876404494382,4.82253086419753e-05,0.0123456790123457,81,1,4,-74.4523220343801,NO_SYNC
32QAM,-170,-98.6966623150499,24.2443402806699,98.876404494382,4.82253086419753e-05,0.0123456790123457,81,1,4,-74.4523220343801,NO_SYNC
QPSK,-140,-68.6966623150499,-6.7380165586263,0,0.5,NaN,0,0,NaN,-75.4346788736762,NO_SYNC
QPSK,-142,-70.6966623150499,-4.7380165586263,50.561797752809,0.203767475328947,0.5,38,19,8,-75.4346788736762,NO_SYNC
QPSK,-144,-72.6966623150499,-2.7380165586263,91.0112359550562,0.140872784514925,0.298507462686567,67,20,5,-75.4346788736762,NO_SYNC
QPSK,-146,-74.6966623150499,-0.738016558626299,98.876404494382,0.02083740234375,0.0875,80,7,3,-75.4346788736762,NO_SYNC
QPSK,-148,-76.6966623150499,1.2619834413737,100,0.000590760030864198,0.0123456790123457,81,1,3,-75.4346788736762,SYNC_ONLY
QPSK,-150,-78.6966623150499,3.2619834413737,100,0,0,81,0,3,-75.4346788736762,ZERO_ERROR
QPSK,-152,-80.6966623150499,5.2619834413737,100,0,0,81,0,3,-75.4346788736762,ZERO_ERROR
QPSK,-154,-82.6966623150499,7.2619834413737,100,0,0,81,0,3,-75.4346788736762,ZERO_ERROR
QPSK,-156,-84.6966623150499,9.2619834413737,100,0,0,81,0,3,-75.4346788736762,ZERO_ERROR
QPSK,-158,-86.6966623150499,11.2619834413737,100,0,0,81,0,3,-75.4346788736762,ZERO_ERROR
QPSK,-160,-88.6966623150499,13.2619834413737,100,0,0,81,0,3,-75.4346788736762,ZERO_ERROR
QPSK,-162,-90.6966623150499,15.2619834413737,100,0,0,81,0,3,-75.4346788736762,ZERO_ERROR
QPSK,-164,-92.6966623150499,17.2619834413737,100,0,0,81,0,3,-75.4346788736762,ZERO_ERROR
QPSK,-166,-94.6966623150499,19.2619834413737,100,0,0,81,0,3,-75.4346788736762,ZERO_ERROR
QPSK,-168,-96.6966623150499,21.2619834413737,100,0,0,81,0,3,-75.4346788736762,ZERO_ERROR
QPSK,-170,-98.6966623150499,23.2619834413737,100,0,0,81,0,3,-75.4346788736762,ZERO_ERROR
