CaseIndex,Scenario,ModType,ChannelCoding,Rate,NumBytesInTransferFrame,NumBitsInInformationBlock,IsLDPCOnSMTF,TPCBlocksPerTF,HEnabled,EqualizerEnabled,NormalizeHChannel,NormalizeEqualizerOutput,BER,LockRate_pct,FER,CountedFrames,MatchedFrames,FrameDuration_s,MatchedDuration_s,CountedDuration_s,EVM_post_pct,MER_dB,SNR_est_dB,ResidualCFO_Hz,HGain_dB,HNormalizationGain_dB,HMeanCoeffMagnitude,HOutOfRangeMode,HSourceDuration_s,WaveformDuration_s,ExceedsHDuration,NoisePlacement,NoiseMode,NoisePSD_dBmHz,NoiseBandwidthHz,NoisePower_dBm,NoiseEquivalentSNR_dB,EqualizerMode,Success,Status,ErrorMessage,Runtime_s,DetectionMode,ExpectedCountedFrames,UnlockedFrames,BadMatchedFrames,EffectiveFailedFrames,EffectiveFER_pct,GoodFrames,ExceedsTrustedOneSecond
1,NoH_baseline,GMSK,none,none,1115,NaN,0,NaN,0,0,0,0,0,100,0,117,119,0.000446,0.053074,0.052182,3.7280622937554,28.570336788978,28.570336788978,NaN,0,NaN,NaN,,NaN,NaN,0,afterChannel,snr,NaN,NaN,NaN,NaN,,1,OK,,5.9499473,official-viterbi-frame-reset,117,0,0,0,0,117,0
2,NoH_baseline,GMSK,convolutional,1/2,1115,NaN,0,NaN,0,0,0,0,0,100,0,116,118,0.000892,0.105256,0.103472,3.72199078085431,28.5844941385008,28.5844941385008,NaN,0,NaN,NaN,,NaN,NaN,0,afterChannel,snr,NaN,NaN,NaN,NaN,,1,OK,,7.6301227,official-viterbi-frame-reset,116,0,0,0,0,116,0
3,NoH_baseline,GMSK,convolutional,2/3,1115,NaN,0,NaN,0,0,0,0,0,100,0,116,118,0.000669,0.078942,0.077604,3.70442079917859,28.6255937206812,28.6255937206812,NaN,0,NaN,NaN,,NaN,NaN,0,afterChannel,snr,NaN,NaN,NaN,NaN,,1,OK,,5.66477,official-viterbi-frame-reset,116,0,0,0,0,116,0
4,NoH_baseline,GMSK,convolutional,3/4,1115,NaN,0,NaN,0,0,0,0,0,100,0,116,118,0.000594666666666667,0.0701706666666667,0.0689813333333333,3.74038676376426,28.5416697705137,28.5416697705137,NaN,0,NaN,NaN,,NaN,NaN,0,afterChannel,snr,NaN,NaN,NaN,NaN,,1,OK,,5.010033,official-viterbi-frame-reset,116,0,0,0,0,116,0
5,NoH_baseline,GMSK,convolutional,5/6,1116,NaN,0,NaN,0,0,0,0,0,100,0,116,118,0.00053568,0.06321024,0.06213888,3.7152579915609,28.6002204594896,28.6002204594896,NaN,0,NaN,NaN,,NaN,NaN,0,afterChannel,snr,NaN,NaN,NaN,NaN,,1,OK,,4.7475666,official-viterbi-frame-reset,116,0,0,0,0,116,0
6,NoH_baseline,GMSK,convolutional,7/8,1123,NaN,0,NaN,0,0,0,0,0,100,0,116,118,0.000513371428571429,0.0605778285714286,0.0595510857142857,3.74195374408884,28.5380317061009,28.5380317061009,NaN,0,NaN,NaN,,NaN,NaN,0,afterChannel,snr,NaN,NaN,NaN,NaN,,1,OK,,4.4973708,official-viterbi-frame-reset,116,0,0,0,0,116,0
7,H_EQ_rawGain_default_ChannelData,GMSK,none,none,1115,NaN,0,NaN,1,1,0,1,0,100,0,117,119,0.000446,0.053074,0.052182,3.7663797880081,28.481517788777,28.481517788777,NaN,17.8192206241112,1.92865493310657e-15,6.87204995031559,error,10,0.053712,0,afterChannel,snr,NaN,NaN,NaN,NaN,mmse,1,OK,,5.1801634,official-viterbi-frame-reset,117,0,0,0,0,117,0
8,H_EQ_rawGain_default_ChannelData,GMSK,convolutional,1/2,1115,NaN,0,NaN,1,1,0,1,0,100,0,116,118,0.000892,0.105256,0.103472,3.71629570699904,28.5977947266764,28.5977947266764,NaN,18.5746819033197,1.92865493310657e-15,7.58772721180054,error,10,0.107424,0,afterChannel,snr,NaN,NaN,NaN,NaN,mmse,1,OK,,10.1576394,official-viterbi-frame-reset,116,0,0,0,0,116,0
9,H_EQ_rawGain_default_ChannelData,GMSK,convolutional,2/3,1115,NaN,0,NaN,1,1,0,1,0,100,0,116,118,0.000669,0.078942,0.077604,3.7121337563399,28.6075276717263,28.6075276717263,NaN,18.7354928938807,1.92865493310657e-15,7.69278201032967,error,10,0.080568,0,afterChannel,snr,NaN,NaN,NaN,NaN,mmse,1,OK,,7.9050144,official-viterbi-frame-reset,116,0,0,0,0,116,0
10,H_EQ_rawGain_default_ChannelData,GMSK,convolutional,3/4,1115,NaN,0,NaN,1,1,0,1,0,100,0,116,118,0.000594666666666667,0.0701706666666667,0.0689813333333333,3.75155287282294,28.5157785681044,28.5157785681044,NaN,18.5662309340027,1.92865493310657e-15,7.49609257073679,error,10,0.071616,0,afterChannel,snr,NaN,NaN,NaN,NaN,mmse,1,OK,,7.1491848,official-viterbi-frame-reset,116,0,0,0,0,116,0
11,H_EQ_rawGain_default_ChannelData,GMSK,convolutional,5/6,1116,NaN,0,NaN,1,1,0,1,0,100,0,116,118,0.00053568,0.06321024,0.06213888,3.84067447506245,28.3118500174626,28.3118500174626,NaN,18.5811858396611,1.92865493310657e-15,7.4649316170026,error,10,0.064512,0,afterChannel,snr,NaN,NaN,NaN,NaN,mmse,1,OK,,6.6149431,official-viterbi-frame-reset,116,0,0,0,0,116,0
12,H_EQ_rawGain_default_ChannelData,GMSK,convolutional,7/8,1123,NaN,0,NaN,1,1,0,1,0,100,0,116,118,0.000513371428571429,0.0605778285714286,0.0595510857142857,3.66698067408661,28.7138275774972,28.7138275774972,NaN,18.5899501748877,1.92865493310657e-15,7.45714080396796,error,10,0.061824,0,afterChannel,snr,NaN,NaN,NaN,NaN,mmse,1,OK,,6.3391304,official-viterbi-frame-reset,116,0,0,0,0,116,0
13,H_EQ_rawGain_std2_likely_TDL,GMSK,none,none,1115,NaN,0,NaN,1,1,0,1,9.58184814687057e-07,100,0.00854700854700855,117,119,0.000446,0.053074,0.052182,3.70196210517237,28.6313606235951,28.6313606235951,NaN,17.4894053117757,1.92865493310657e-15,6.66015166992406,error,10,0.053712,0,afterChannel,snr,NaN,NaN,NaN,NaN,mmse,1,OK,,7.8361152,official-viterbi-frame-reset,117,0,1,1,0.854700854700855,116,0
14,H_EQ_rawGain_std2_likely_TDL,GMSK,convolutional,1/2,1115,NaN,0,NaN,1,1,0,1,6.76511520024741e-06,100,0.00862068965517241,116,118,0.000892,0.105256,0.103472,3.83791465188249,28.3180937479703,28.3180937479703,NaN,18.1884339412883,1.92865493310657e-15,7.30169928006825,error,10,0.107424,0,afterChannel,snr,NaN,NaN,NaN,NaN,mmse,1,OK,,15.1002925,official-viterbi-frame-reset,116,0,1,1,0.862068965517241,115,0
15,H_EQ_rawGain_std2_likely_TDL,GMSK,convolutional,2/3,1115,NaN,0,NaN,1,1,0,1,0,100,0,116,118,0.000669,0.078942,0.077604,3.79060570945561,28.4258277517947,28.4258277517947,NaN,18.2730120371671,1.92865493310657e-15,7.3134747697798,error,10,0.080568,0,afterChannel,snr,NaN,NaN,NaN,NaN,mmse,1,OK,,7.9023633,official-viterbi-frame-reset,116,0,0,0,0,116,0
16,H_EQ_rawGain_std2_likely_TDL,GMSK,convolutional,3/4,1115,NaN,0,NaN,1,1,0,1,0,100,0,116,118,0.000594666666666667,0.0701706666666667,0.0689813333333333,4.20393456706973,27.5268810449867,27.5268810449867,NaN,17.9315513439154,1.92865493310657e-15,7.03915742875467,error,10,0.071616,0,afterChannel,snr,NaN,NaN,NaN,NaN,mmse,1,OK,,7.1273386,official-viterbi-frame-reset,116,0,0,0,0,116,0
17,H_EQ_rawGain_std2_likely_TDL,GMSK,convolutional,5/6,1116,NaN,0,NaN,1,1,0,1,0,100,0,116,118,0.00053568,0.06321024,0.06213888,3.73020900565281,28.5653366750395,28.5653366750395,NaN,18.0797076701118,1.92865493310657e-15,7.158258909832,error,10,0.064512,0,afterChannel,snr,NaN,NaN,NaN,NaN,mmse,1,OK,,6.5436831,official-viterbi-frame-reset,116,0,0,0,0,116,0
18,H_EQ_rawGain_std2_likely_TDL,GMSK,convolutional,7/8,1123,NaN,0,NaN,1,1,0,1,0,100,0,116,118,0.000513371428571429,0.0605778285714286,0.0595510857142857,3.68089899925973,28.6809219812267,28.6809219812267,NaN,18.0086313438575,1.92865493310657e-15,7.09424772829335,error,10,0.061824,0,afterChannel,snr,NaN,NaN,NaN,NaN,mmse,1,OK,,6.3667644,official-viterbi-frame-reset,116,0,0,0,0,116,0
19,H_EQ_rawGain_std3_likely_CDL,GMSK,none,none,1115,NaN,0,NaN,1,1,0,1,0,100,0,117,119,0.000446,0.053074,0.052182,3.74619824558874,28.5281848772448,28.5281848772448,NaN,17.0407437598565,1.92865493310657e-15,6.16548639203781,error,10,0.053712,0,afterChannel,snr,NaN,NaN,NaN,NaN,mmse,1,OK,,5.2426449,official-viterbi-frame-reset,117,0,0,0,0,117,0
20,H_EQ_rawGain_std3_likely_CDL,GMSK,convolutional,1/2,1115,NaN,0,NaN,1,1,0,1,0,100,0,116,118,0.000892,0.105256,0.103472,3.70692767710491,28.6197177411872,28.6197177411872,NaN,17.7298056932121,1.92865493310657e-15,6.77596286237832,error,10,0.107424,0,afterChannel,snr,NaN,NaN,NaN,NaN,mmse,1,OK,,9.9171567,official-viterbi-frame-reset,116,0,0,0,0,116,0
21,H_EQ_rawGain_std3_likely_CDL,GMSK,convolutional,2/3,1115,NaN,0,NaN,1,1,0,1,0,100,0,116,118,0.000669,0.078942,0.077604,3.75477834229539,28.5083139165216,28.5083139165216,NaN,17.7186694596765,1.92865493310657e-15,6.70915197770757,error,10,0.080568,0,afterChannel,snr,NaN,NaN,NaN,NaN,mmse,1,OK,,7.8113943,official-viterbi-frame-reset,116,0,0,0,0,116,0
22,H_EQ_rawGain_std3_likely_CDL,GMSK,convolutional,3/4,1115,NaN,0,NaN,1,1,0,1,0,100,0,116,118,0.000594666666666667,0.0701706666666667,0.0689813333333333,3.68403923689572,28.673515059859,28.673515059859,NaN,17.4651150309089,1.92865493310657e-15,6.52703475110102,error,10,0.071616,0,afterChannel,snr,NaN,NaN,NaN,NaN,mmse,1,OK,,7.1355585,official-viterbi-frame-reset,116,0,0,0,0,116,0
23,H_EQ_rawGain_std3_likely_CDL,GMSK,convolutional,5/6,1116,NaN,0,NaN,1,1,0,1,0,100,0,116,118,0.00053568,0.06321024,0.06213888,3.75713854331294,28.5028558033532,28.5028558033532,NaN,17.5163276475353,1.92865493310657e-15,6.52522640036139,error,10,0.064512,0,afterChannel,snr,NaN,NaN,NaN,NaN,mmse,1,OK,,6.5393845,official-viterbi-frame-reset,116,0,0,0,0,116,0
24,H_EQ_rawGain_std3_likely_CDL,GMSK,convolutional,7/8,1123,NaN,0,NaN,1,1,0,1,0,100,0,116,118,0.000513371428571429,0.0605778285714286,0.0595510857142857,3.67846036894546,28.6866783721007,28.6866783721007,NaN,17.5143098806586,1.92865493310657e-15,6.48766595752641,error,10,0.061824,0,afterChannel,snr,NaN,NaN,NaN,NaN,mmse,1,OK,,6.4017449,official-viterbi-frame-reset,116,0,0,0,0,116,0
25,H_EQ_rawGain_std4_likely_ITU_P681,GMSK,none,none,1115,NaN,0,NaN,1,1,0,1,1.91636962937411e-06,100,0.00854700854700855,117,119,0.000446,0.053074,0.052182,3.90477891412419,28.168071010863,28.168071010863,NaN,16.6509744782422,1.92865493310657e-15,5.79473909581633,error,10,0.053712,0,afterChannel,snr,NaN,NaN,NaN,NaN,mmse,1,OK,,7.867486,official-viterbi-frame-reset,117,0,1,1,0.854700854700855,116,0
26,H_EQ_rawGain_std4_likely_ITU_P681,GMSK,convolutional,1/2,1115,NaN,0,NaN,1,1,0,1,0,100,0,116,118,0.000892,0.105256,0.103472,3.71988450249037,28.5894108835975,28.5894108835975,NaN,16.8327628664269,1.92865493310657e-15,6.03422999650017,error,10,0.107424,0,afterChannel,snr,NaN,NaN,NaN,NaN,mmse,1,OK,,10.061952,official-viterbi-frame-reset,116,0,0,0,0,116,0
27,H_EQ_rawGain_std4_likely_ITU_P681,GMSK,convolutional,2/3,1115,NaN,0,NaN,1,1,0,1,0,100,0,116,118,0.000669,0.078942,0.077604,6.55536139224055,23.6680672195862,23.6680672195862,NaN,17.0532003776157,1.92865493310657e-15,6.22318150930138,error,10,0.080568,0,afterChannel,snr,NaN,NaN,NaN,NaN,mmse,1,OK,,7.8328101,official-viterbi-frame-reset,116,0,0,0,0,116,0
28,H_EQ_rawGain_std4_likely_ITU_P681,GMSK,convolutional,3/4,1115,NaN,0,NaN,1,1,0,1,0,100,0,116,118,0.000594666666666667,0.0701706666666667,0.0689813333333333,3.74545634576558,28.5299052074947,28.5299052074947,NaN,16.9291368317997,1.92865493310657e-15,6.1158162084957,error,10,0.071616,0,afterChannel,snr,NaN,NaN,NaN,NaN,mmse,1,OK,,7.1441503,official-viterbi-frame-reset,116,0,0,0,0,116,0
29,H_EQ_rawGain_std4_likely_ITU_P681,GMSK,convolutional,5/6,1116,NaN,0,NaN,1,1,0,1,0,100,0,116,118,0.00053568,0.06321024,0.06213888,3.69916718523108,28.6379208028214,28.6379208028214,NaN,17.0185220658714,1.92865493310657e-15,6.16939981765344,error,10,0.064512,0,afterChannel,snr,NaN,NaN,NaN,NaN,mmse,1,OK,,6.5663444,official-viterbi-frame-reset,116,0,0,0,0,116,0
30,H_EQ_rawGain_std4_likely_ITU_P681,GMSK,convolutional,7/8,1123,NaN,0,NaN,1,1,0,1,0,100,0,116,118,0.000513371428571429,0.0605778285714286,0.0595510857142857,3.72269663804188,28.5828470585618,28.5828470585618,NaN,16.977319491858,1.92865493310657e-15,6.10536947207053,error,10,0.061824,0,afterChannel,snr,NaN,NaN,NaN,NaN,mmse,1,OK,,6.3649166,official-viterbi-frame-reset,116,0,0,0,0,116,0
31,H_EQ_rawGain_std5_likely_Jakes,GMSK,none,none,1115,NaN,0,NaN,1,1,0,1,0,100,0,117,119,0.000446,0.053074,0.052182,3.7213953204414,28.5858838563983,28.5858838563983,NaN,-65.2491944974388,1.92865493310657e-15,0.00053793915611437,error,2,0.053712,0,afterChannel,snr,NaN,NaN,NaN,NaN,mmse,1,OK,,5.174361,official-viterbi-frame-reset,117,0,0,0,0,117,0
32,H_EQ_rawGain_std5_likely_Jakes,GMSK,convolutional,1/2,1115,NaN,0,NaN,1,1,0,1,0,100,0,116,118,0.000892,0.105256,0.103472,3.74959987529253,28.5203014786398,28.5203014786398,NaN,-65.2138407410512,1.92865493310657e-15,0.00053893543690687,error,2,0.107424,0,afterChannel,snr,NaN,NaN,NaN,NaN,mmse,1,OK,,9.975168,official-viterbi-frame-reset,116,0,0,0,0,116,0
33,H_EQ_rawGain_std5_likely_Jakes,GMSK,convolutional,2/3,1115,NaN,0,NaN,1,1,0,1,0,100,0,116,118,0.000669,0.078942,0.077604,3.73848927976605,28.5460772073682,28.5460772073682,NaN,-65.2038516926986,1.92865493310657e-15,0.000539322357376593,error,2,0.080568,0,afterChannel,snr,NaN,NaN,NaN,NaN,mmse,1,OK,,7.7471742,official-viterbi-frame-reset,116,0,0,0,0,116,0
34,H_EQ_rawGain_std5_likely_Jakes,GMSK,convolutional,3/4,1115,NaN,0,NaN,1,1,0,1,0,100,0,116,118,0.000594666666666667,0.0701706666666667,0.0689813333333333,3.71086882216361,28.6104879505743,28.6104879505743,NaN,-65.3365423843107,1.92865493310657e-15,0.000531612743931186,error,2,0.071616,0,afterChannel,snr,NaN,NaN,NaN,NaN,mmse,1,OK,,7.1290252,official-viterbi-frame-reset,116,0,0,0,0,116,0
35,H_EQ_rawGain_std5_likely_Jakes,GMSK,convolutional,5/6,1116,NaN,0,NaN,1,1,0,1,0,100,0,116,118,0.00053568,0.06321024,0.06213888,3.81648508169342,28.3667286179646,28.3667286179646,NaN,-65.4032662234762,1.92865493310657e-15,0.000527119588649462,error,2,0.064512,0,afterChannel,snr,NaN,NaN,NaN,NaN,mmse,1,OK,,6.5788957,official-viterbi-frame-reset,116,0,0,0,0,116,0
36,H_EQ_rawGain_std5_likely_Jakes,GMSK,convolutional,7/8,1123,NaN,0,NaN,1,1,0,1,0,100,0,116,118,0.000513371428571429,0.0605778285714286,0.0595510857142857,3.84639302479486,28.2989268315977,28.2989268315977,NaN,-65.3702435024141,1.92865493310657e-15,0.00052941128580507,error,2,0.061824,0,afterChannel,snr,NaN,NaN,NaN,NaN,mmse,1,OK,,6.3173922,official-viterbi-frame-reset,116,0,0,0,0,116,0
37,H_EQ_rawGain_std6_likely_CLoo,GMSK,none,none,1115,NaN,0,NaN,1,1,0,1,0,100,0,117,119,0.000446,0.053074,0.052182,3.75210221909067,28.5145067716253,28.5145067716253,NaN,-69.2661787051572,1.92865493310657e-15,0.000298278041704903,error,2,0.053712,0,afterChannel,snr,NaN,NaN,NaN,NaN,mmse,1,OK,,5.268187,official-viterbi-frame-reset,117,0,0,0,0,117,0
38,H_EQ_rawGain_std6_likely_CLoo,GMSK,convolutional,1/2,1115,NaN,0,NaN,1,1,0,1,2.89933508582032e-05,100,0.00862068965517241,116,118,0.000892,0.105256,0.103472,3.72166408725708,28.5852565662552,28.5852565662552,NaN,-68.5771167000456,1.92865493310657e-15,0.000327812082411771,error,2,0.107424,0,afterChannel,snr,NaN,NaN,NaN,NaN,mmse,1,OK,,15.1148161,official-viterbi-frame-reset,116,0,1,1,0.862068965517241,115,0
39,H_EQ_rawGain_std6_likely_CLoo,GMSK,convolutional,2/3,1115,NaN,0,NaN,1,1,0,1,0,100,0,116,118,0.000669,0.078942,0.077604,3.75799416589918,28.5008779691151,28.5008779691151,NaN,-68.5882533242107,1.92865493310657e-15,0.000324579860559835,error,2,0.080568,0,afterChannel,snr,NaN,NaN,NaN,NaN,mmse,1,OK,,7.8906549,official-viterbi-frame-reset,116,0,0,0,0,116,0
40,H_EQ_rawGain_std6_likely_CLoo,GMSK,convolutional,3/4,1115,NaN,0,NaN,1,1,0,1,0,100,0,116,118,0.000594666666666667,0.0701706666666667,0.0689813333333333,3.67832727643388,28.6869926470052,28.6869926470052,NaN,-68.8418093842288,1.92865493310657e-15,0.000315769271052561,error,2,0.071616,0,afterChannel,snr,NaN,NaN,NaN,NaN,mmse,1,OK,,7.2258028,official-viterbi-frame-reset,116,0,0,0,0,116,0
41,H_EQ_rawGain_std6_likely_CLoo,GMSK,convolutional,5/6,1116,NaN,0,NaN,1,1,0,1,0,100,0,116,118,0.00053568,0.06321024,0.06213888,3.73189619710447,28.561408893643,28.561408893643,NaN,-68.7905952728242,1.92865493310657e-15,0.000315681785445905,error,2,0.064512,0,afterChannel,snr,NaN,NaN,NaN,NaN,mmse,1,OK,,6.6313669,official-viterbi-frame-reset,116,0,0,0,0,116,0
42,H_EQ_rawGain_std6_likely_CLoo,GMSK,convolutional,7/8,1123,NaN,0,NaN,1,1,0,1,0,100,0,116,118,0.000513371428571429,0.0605778285714286,0.0595510857142857,3.70368763580394,28.6273129655425,28.6273129655425,NaN,-68.7926161783744,1.92865493310657e-15,0.000313864661115073,error,2,0.061824,0,afterChannel,snr,NaN,NaN,NaN,NaN,mmse,1,OK,,6.4277536,official-viterbi-frame-reset,116,0,0,0,0,116,0
43,H_EQ_rawGain_std7_likely_Corazza,GMSK,none,none,1115,NaN,0,NaN,1,1,0,1,0,100,0,117,119,0.000446,0.053074,0.052182,3.72948034671525,28.5670335422512,28.5670335422512,NaN,-72.2661799622275,1.92865493310657e-15,0.000211164682199342,error,2,0.053712,0,afterChannel,snr,NaN,NaN,NaN,NaN,mmse,1,OK,,5.2548611,official-viterbi-frame-reset,117,0,0,0,0,117,0
44,H_EQ_rawGain_std7_likely_Corazza,GMSK,convolutional,1/2,1115,NaN,0,NaN,1,1,0,1,2.41611257151693e-05,100,0.00862068965517241,116,118,0.000892,0.105256,0.103472,3.7266925612739,28.5735286700078,28.5735286700078,NaN,-71.5771178851858,1.92865493310657e-15,0.000232073181813599,error,2,0.107424,0,afterChannel,snr,NaN,NaN,NaN,NaN,mmse,1,OK,,15.1731185,official-viterbi-frame-reset,116,0,1,1,0.862068965517241,115,0
45,H_EQ_rawGain_std7_likely_Corazza,GMSK,convolutional,2/3,1115,NaN,0,NaN,1,1,0,1,0,100,0,116,118,0.000669,0.078942,0.077604,3.72400812517344,28.5797876026101,28.5797876026101,NaN,-71.5882548999262,1.92865493310657e-15,0.000229784943979326,error,2,0.080568,0,afterChannel,snr,NaN,NaN,NaN,NaN,mmse,1,OK,,7.9199926,official-viterbi-frame-reset,116,0,0,0,0,116,0
46,H_EQ_rawGain_std7_likely_Corazza,GMSK,convolutional,3/4,1115,NaN,0,NaN,1,1,0,1,0,100,0,116,118,0.000594666666666667,0.0701706666666667,0.0689813333333333,3.68589893703608,28.6691315358346,28.6691315358346,NaN,-71.8418125912991,1.92865493310657e-15,0.000223547524279712,error,2,0.071616,0,afterChannel,snr,NaN,NaN,NaN,NaN,mmse,1,OK,,7.143943,official-viterbi-frame-reset,116,0,0,0,0,116,0
47,H_EQ_rawGain_std7_likely_Corazza,GMSK,convolutional,5/6,1116,NaN,0,NaN,1,1,0,1,0,100,0,116,118,0.00053568,0.06321024,0.06213888,3.75090696780498,28.5172741468441,28.5172741468441,NaN,-71.7905969850295,1.92865493310657e-15,0.000223485589213286,error,2,0.064512,0,afterChannel,snr,NaN,NaN,NaN,NaN,mmse,1,OK,,6.4775189,official-viterbi-frame-reset,116,0,0,0,0,116,0
48,H_EQ_rawGain_std7_likely_Corazza,GMSK,convolutional,7/8,1123,NaN,0,NaN,1,1,0,1,0,100,0,116,118,0.000513371428571429,0.0605778285714286,0.0595510857142857,3.68034230882334,28.6822357139247,28.6822357139247,NaN,-71.792621029277,1.92865493310657e-15,0.000222199163703572,error,2,0.061824,0,afterChannel,snr,NaN,NaN,NaN,NaN,mmse,1,OK,,6.2696411,official-viterbi-frame-reset,116,0,0,0,0,116,0
49,H_EQ_rawGain_std8_likely_Lutz,GMSK,none,none,1115,NaN,0,NaN,1,1,0,1,0,100,0,117,119,0.000446,0.053074,0.052182,3.69258561794562,28.6533885230541,28.6533885230541,NaN,-62.076382587842,1.92865493310657e-15,0.000387800130569578,error,2,0.053712,0,afterChannel,snr,NaN,NaN,NaN,NaN,mmse,1,OK,,5.9204058,official-viterbi-frame-reset,117,0,0,0,0,117,0
50,H_EQ_rawGain_std8_likely_Lutz,GMSK,convolutional,1/2,1115,NaN,0,NaN,1,1,0,1,0,100,0,116,118,0.000892,0.105256,0.103472,3.71838000867061,28.5929245708126,28.5929245708126,NaN,-62.0225886902582,1.92865493310657e-15,0.00038937174450727,error,2,0.107424,0,afterChannel,snr,NaN,NaN,NaN,NaN,mmse,1,OK,,11.677904,official-viterbi-frame-reset,116,0,0,0,0,116,0
51,H_EQ_rawGain_std8_likely_Lutz,GMSK,convolutional,2/3,1115,NaN,0,NaN,1,1,0,1,0,100,0,116,118,0.000669,0.078942,0.077604,3.72994172109169,28.565959076459,28.565959076459,NaN,-62.0220800355533,1.92865493310657e-15,0.000389208772623244,error,2,0.080568,0,afterChannel,snr,NaN,NaN,NaN,NaN,mmse,1,OK,,8.8535719,official-viterbi-frame-reset,116,0,0,0,0,116,0
52,H_EQ_rawGain_std8_likely_Lutz,GMSK,convolutional,3/4,1115,NaN,0,NaN,1,1,0,1,0,100,0,116,118,0.000594666666666667,0.0701706666666667,0.0689813333333333,3.70634135869347,28.6210916821573,28.6210916821573,NaN,-62.1573478840715,1.92865493310657e-15,0.000383545622726074,error,2,0.071616,0,afterChannel,snr,NaN,NaN,NaN,NaN,mmse,1,OK,,8.1071392,official-viterbi-frame-reset,116,0,0,0,0,116,0
53,H_EQ_rawGain_std8_likely_Lutz,GMSK,convolutional,5/6,1116,NaN,0,NaN,1,1,0,1,0,100,0,116,118,0.00053568,0.06321024,0.06213888,3.82216487130575,28.3538116666354,28.3538116666354,NaN,-62.2263741564985,1.92865493310657e-15,0.00038021188501316,error,2,0.064512,0,afterChannel,snr,NaN,NaN,NaN,NaN,mmse,1,OK,,7.4347603,official-viterbi-frame-reset,116,0,0,0,0,116,0
54,H_EQ_rawGain_std8_likely_Lutz,GMSK,convolutional,7/8,1123,NaN,0,NaN,1,1,0,1,0,100,0,116,118,0.000513371428571429,0.0605778285714286,0.0595510857142857,3.84845877950019,28.2942632153834,28.2942632153834,NaN,-62.1944763107465,1.92865493310657e-15,0.000381807325016462,error,2,0.061824,0,afterChannel,snr,NaN,NaN,NaN,NaN,mmse,1,OK,,7.1495356,official-viterbi-frame-reset,116,0,0,0,0,116,0
