Scenario,ModType,RSName,RSMessageLength,RSInterleavingDepth,InputBytes,CodedBytes,Runs,BER_mean,BER_median,BER_worst,Lock_mean_pct,Lock_worst_pct,FER_mean,MER_mean_dB,PassRate_pct,ZeroBERRate_pct,ErrorRuns
NoH_baseline,QPSK,"RS(255,223)_D1",223,1,223,255,1,0,0,0,100,100,0,36.3839344475317,100,100,0
NoH_baseline,QPSK,"RS(255,223)_D2",223,2,446,510,1,0,0,0,100,100,0,36.3373490379189,100,100,0
NoH_baseline,QPSK,"RS(255,223)_D3",223,3,669,765,1,0,0,0,100,100,0,36.3717709822083,100,100,0
NoH_baseline,QPSK,"RS(255,223)_D4",223,4,892,1020,1,0,0,0,100,100,0,36.3529852616726,100,100,0
NoH_baseline,QPSK,"RS(255,223)_D5",223,5,1115,1275,1,0,0,0,100,100,0,36.2657408999113,100,100,0
NoH_baseline,QPSK,"RS(255,223)_D8",223,8,1784,2040,1,0,0,0,100,100,0,36.314168885815,100,100,0
NoH_baseline,QPSK,"RS(255,239)_D1",239,1,239,255,1,0,0,0,100,100,0,36.3913620595466,100,100,0
NoH_baseline,QPSK,"RS(255,239)_D2",239,2,478,510,1,0,0,0,100,100,0,36.3691875086748,100,100,0
NoH_baseline,QPSK,"RS(255,239)_D3",239,3,717,765,1,0,0,0,100,100,0,36.3474642921374,100,100,0
NoH_baseline,QPSK,"RS(255,239)_D4",239,4,956,1020,1,0,0,0,100,100,0,36.2454190575202,100,100,0
NoH_baseline,QPSK,"RS(255,239)_D5",239,5,1195,1275,1,0,0,0,100,100,0,36.3843275163611,100,100,0
NoH_baseline,QPSK,"RS(255,239)_D8",239,8,1912,2040,1,0,0,0,100,100,0,36.2868977259782,100,100,0
NoH_baseline,8PSK,"RS(255,223)_D1",223,1,223,255,1,0,0,0,97.0588235294118,97.0588235294118,0,36.3712087568366,100,100,0
NoH_baseline,8PSK,"RS(255,223)_D2",223,2,446,510,1,0,0,0,100,100,0,36.4189098520835,100,100,0
NoH_baseline,8PSK,"RS(255,223)_D3",223,3,669,765,1,0,0,0,100,100,0,36.4723376128087,100,100,0
NoH_baseline,8PSK,"RS(255,223)_D4",223,4,892,1020,1,0,0,0,97.0588235294118,97.0588235294118,0,36.4314531987182,100,100,0
NoH_baseline,8PSK,"RS(255,223)_D5",223,5,1115,1275,1,0,0,0,100,100,0,36.4116913355893,100,100,0
NoH_baseline,8PSK,"RS(255,223)_D8",223,8,1784,2040,1,0,0,0,100,100,0,36.2622862100697,100,100,0
NoH_baseline,8PSK,"RS(255,239)_D1",239,1,239,255,1,0,0,0,97.0588235294118,97.0588235294118,0,36.3677799091557,100,100,0
NoH_baseline,8PSK,"RS(255,239)_D2",239,2,478,510,1,0,0,0,100,100,0,36.27976567333,100,100,0
NoH_baseline,8PSK,"RS(255,239)_D3",239,3,717,765,1,0,0,0,100,100,0,36.3840911420171,100,100,0
NoH_baseline,8PSK,"RS(255,239)_D4",239,4,956,1020,1,0,0,0,97.0588235294118,97.0588235294118,0,36.4037024593488,100,100,0
NoH_baseline,8PSK,"RS(255,239)_D5",239,5,1195,1275,1,0,0,0,100,100,0,36.4837629727519,100,100,0
NoH_baseline,8PSK,"RS(255,239)_D8",239,8,1912,2040,1,0,0,0,100,100,0,36.2271410363649,100,100,0
default_ChannelData,QPSK,"RS(255,223)_D1",223,1,223,255,1,0,0,0,100,100,0,36.2259476717604,100,100,0
default_ChannelData,QPSK,"RS(255,223)_D2",223,2,446,510,1,0,0,0,100,100,0,31.2511311421121,100,100,0
default_ChannelData,QPSK,"RS(255,223)_D3",223,3,669,765,1,0,0,0,100,100,0,31.223542688065,100,100,0
default_ChannelData,QPSK,"RS(255,223)_D4",223,4,892,1020,1,0,0,0,100,100,0,29.4338930774833,100,100,0
default_ChannelData,QPSK,"RS(255,223)_D5",223,5,1115,1275,1,0,0,0,100,100,0,35.4315165721216,100,100,0
default_ChannelData,QPSK,"RS(255,223)_D8",223,8,1784,2040,1,0,0,0,100,100,0,22.4348652585043,100,100,0
default_ChannelData,QPSK,"RS(255,239)_D1",239,1,239,255,1,0,0,0,100,100,0,36.2404142104978,100,100,0
default_ChannelData,QPSK,"RS(255,239)_D2",239,2,478,510,1,0,0,0,100,100,0,31.462275866425,100,100,0
default_ChannelData,QPSK,"RS(255,239)_D3",239,3,717,765,1,0,0,0,100,100,0,31.3831268990992,100,100,0
default_ChannelData,QPSK,"RS(255,239)_D4",239,4,956,1020,1,0,0,0,100,100,0,29.3560127670042,100,100,0
default_ChannelData,QPSK,"RS(255,239)_D5",239,5,1195,1275,1,0,0,0,100,100,0,35.4789968088001,100,100,0
default_ChannelData,QPSK,"RS(255,239)_D8",239,8,1912,2040,1,0,0,0,100,100,0,21.9980746571692,100,100,0
default_ChannelData,8PSK,"RS(255,223)_D1",223,1,223,255,1,0,0,0,100,100,0,31.1251421455691,100,100,0
default_ChannelData,8PSK,"RS(255,223)_D2",223,2,446,510,1,0,0,0,100,100,0,31.7735297855847,100,100,0
default_ChannelData,8PSK,"RS(255,223)_D3",223,3,669,765,1,0,0,0,100,100,0,31.5748185198898,100,100,0
default_ChannelData,8PSK,"RS(255,223)_D4",223,4,892,1020,1,0,0,0,100,100,0,30.0073485412111,100,100,0
default_ChannelData,8PSK,"RS(255,223)_D5",223,5,1115,1275,1,0,0,0,97.0588235294118,97.0588235294118,0,30.962135670269,100,100,0
default_ChannelData,8PSK,"RS(255,223)_D8",223,8,1784,2040,1,0,0,0,100,100,0,35.8330710076918,100,100,0
default_ChannelData,8PSK,"RS(255,239)_D1",239,1,239,255,1,0,0,0,97.0588235294118,97.0588235294118,0,31.1327357858501,100,100,0
default_ChannelData,8PSK,"RS(255,239)_D2",239,2,478,510,1,0,0,0,100,100,0,31.7424383507925,100,100,0
default_ChannelData,8PSK,"RS(255,239)_D3",239,3,717,765,1,0,0,0,100,100,0,31.5525936968066,100,100,0
default_ChannelData,8PSK,"RS(255,239)_D4",239,4,956,1020,1,0,0,0,97.0588235294118,97.0588235294118,0,30.0830771327048,100,100,0
default_ChannelData,8PSK,"RS(255,239)_D5",239,5,1195,1275,1,0,0,0,100,100,0,30.9540932884798,100,100,0
default_ChannelData,8PSK,"RS(255,239)_D8",239,8,1912,2040,1,0,0,0,100,100,0,35.9096782403963,100,100,0
std2_TDL,QPSK,"RS(255,223)_D1",223,1,223,255,1,0,0,0,100,100,0,26.4029896085225,100,100,0
std2_TDL,QPSK,"RS(255,223)_D2",223,2,446,510,1,0,0,0,100,100,0,31.6147446671821,100,100,0
std2_TDL,QPSK,"RS(255,223)_D3",223,3,669,765,1,0,0,0,100,100,0,20.6826740528103,100,100,0
std2_TDL,QPSK,"RS(255,223)_D4",223,4,892,1020,1,0,0,0,100,100,0,29.8031697004759,100,100,0
std2_TDL,QPSK,"RS(255,223)_D5",223,5,1115,1275,1,0,0,0,100,100,0,34.37120907918,100,100,0
std2_TDL,QPSK,"RS(255,223)_D8",223,8,1784,2040,1,0,0,0,100,100,0,33.2234536392307,100,100,0
std2_TDL,QPSK,"RS(255,239)_D1",239,1,239,255,1,0,0,0,100,100,0,26.4451660189846,100,100,0
std2_TDL,QPSK,"RS(255,239)_D2",239,2,478,510,1,0,0,0,100,100,0,31.6569802035802,100,100,0
std2_TDL,QPSK,"RS(255,239)_D3",239,3,717,765,1,0,0,0,100,100,0,20.5485792572086,100,100,0
std2_TDL,QPSK,"RS(255,239)_D4",239,4,956,1020,1,0,0,0,100,100,0,29.8297242298656,100,100,0
std2_TDL,QPSK,"RS(255,239)_D5",239,5,1195,1275,1,0,0,0,100,100,0,34.4962973197589,100,100,0
std2_TDL,QPSK,"RS(255,239)_D8",239,8,1912,2040,1,0,0,0,100,100,0,33.1898318289177,100,100,0
std2_TDL,8PSK,"RS(255,223)_D1",223,1,223,255,1,0,0,0,97.0588235294118,97.0588235294118,0,34.7000969897275,100,100,0
std2_TDL,8PSK,"RS(255,223)_D2",223,2,446,510,1,0,0,0,100,100,0,36.1006012038111,100,100,0
std2_TDL,8PSK,"RS(255,223)_D3",223,3,669,765,1,0,0,0,100,100,0,32.2896330250268,100,100,0
std2_TDL,8PSK,"RS(255,223)_D4",223,4,892,1020,1,0,0,0,100,100,0,33.4273034885421,100,100,0
std2_TDL,8PSK,"RS(255,223)_D5",223,5,1115,1275,1,0,0,0,97.0588235294118,97.0588235294118,0,35.2326345546834,100,100,0
std2_TDL,8PSK,"RS(255,223)_D8",223,8,1784,2040,1,0,0,0,100,100,0,35.8889978288667,100,100,0
std2_TDL,8PSK,"RS(255,239)_D1",239,1,239,255,1,0,0,0,97.0588235294118,97.0588235294118,0,34.7261661080944,100,100,0
std2_TDL,8PSK,"RS(255,239)_D2",239,2,478,510,1,0,0,0,97.0588235294118,97.0588235294118,0,35.9049878098248,100,100,0
std2_TDL,8PSK,"RS(255,239)_D3",239,3,717,765,1,0,0,0,100,100,0,32.2751487949612,100,100,0
std2_TDL,8PSK,"RS(255,239)_D4",239,4,956,1020,1,0,0,0,97.0588235294118,97.0588235294118,0,33.4363467093978,100,100,0
std2_TDL,8PSK,"RS(255,239)_D5",239,5,1195,1275,1,0,0,0,100,100,0,35.2879661429426,100,100,0
std2_TDL,8PSK,"RS(255,239)_D8",239,8,1912,2040,1,0,0,0,100,100,0,35.8084120562438,100,100,0
std3_CDL,QPSK,"RS(255,223)_D1",223,1,223,255,1,0,0,0,100,100,0,26.262358804885,100,100,0
std3_CDL,QPSK,"RS(255,223)_D2",223,2,446,510,1,0,0,0,100,100,0,23.9378601696056,100,100,0
std3_CDL,QPSK,"RS(255,223)_D3",223,3,669,765,1,0,0,0,100,100,0,34.360223440533,100,100,0
std3_CDL,QPSK,"RS(255,223)_D4",223,4,892,1020,1,0,0,0,100,100,0,21.6413723543903,100,100,0
std3_CDL,QPSK,"RS(255,223)_D5",223,5,1115,1275,1,0,0,0,100,100,0,34.9107517578883,100,100,0
std3_CDL,QPSK,"RS(255,223)_D8",223,8,1784,2040,1,0,0,0,100,100,0,26.7365673701826,100,100,0
std3_CDL,QPSK,"RS(255,239)_D1",239,1,239,255,1,0,0,0,100,100,0,26.8201299593425,100,100,0
std3_CDL,QPSK,"RS(255,239)_D2",239,2,478,510,1,0,0,0,100,100,0,23.7541825989887,100,100,0
std3_CDL,QPSK,"RS(255,239)_D3",239,3,717,765,1,0,0,0,100,100,0,34.1240800779394,100,100,0
std3_CDL,QPSK,"RS(255,239)_D4",239,4,956,1020,1,0,0,0,100,100,0,21.4851308681935,100,100,0
std3_CDL,QPSK,"RS(255,239)_D5",239,5,1195,1275,1,0,0,0,100,100,0,35.0025154667319,100,100,0
std3_CDL,QPSK,"RS(255,239)_D8",239,8,1912,2040,1,0,0,0,100,100,0,26.9843690007906,100,100,0
std3_CDL,8PSK,"RS(255,223)_D1",223,1,223,255,1,0,0,0,97.0588235294118,97.0588235294118,0,34.1458371684683,100,100,0
std3_CDL,8PSK,"RS(255,223)_D2",223,2,446,510,1,0,0,0,97.0588235294118,97.0588235294118,0,32.6602617503623,100,100,0
std3_CDL,8PSK,"RS(255,223)_D3",223,3,669,765,1,0,0,0,97.0588235294118,97.0588235294118,0,24.2729242692897,100,100,0
std3_CDL,8PSK,"RS(255,223)_D4",223,4,892,1020,1,0,0,0,97.0588235294118,97.0588235294118,0,26.5398107739618,100,100,0
std3_CDL,8PSK,"RS(255,223)_D5",223,5,1115,1275,1,0,0,0,100,100,0,34.9964061820119,100,100,0
std3_CDL,8PSK,"RS(255,223)_D8",223,8,1784,2040,1,0,0,0,100,100,0,35.4865199364795,100,100,0
std3_CDL,8PSK,"RS(255,239)_D1",239,1,239,255,1,0,0,0,100,100,0,34.140995059099,100,100,0
std3_CDL,8PSK,"RS(255,239)_D2",239,2,478,510,1,0,0,0,97.0588235294118,97.0588235294118,0,32.6944692962986,100,100,0
std3_CDL,8PSK,"RS(255,239)_D3",239,3,717,765,1,0,0,0,97.0588235294118,97.0588235294118,0,24.3221609518948,100,100,0
std3_CDL,8PSK,"RS(255,239)_D4",239,4,956,1020,1,0,0,0,100,100,0,26.6961499265433,100,100,0
std3_CDL,8PSK,"RS(255,239)_D5",239,5,1195,1275,1,0,0,0,97.0588235294118,97.0588235294118,0,35.09672343989,100,100,0
std3_CDL,8PSK,"RS(255,239)_D8",239,8,1912,2040,1,0,0,0,97.0588235294118,97.0588235294118,0,35.4756566822995,100,100,0
std4_ITU_P681,QPSK,"RS(255,223)_D1",223,1,223,255,1,0,0,0,100,100,0,33.1871903346867,100,100,0
std4_ITU_P681,QPSK,"RS(255,223)_D2",223,2,446,510,1,0,0,0,100,100,0,32.7994026950673,100,100,0
std4_ITU_P681,QPSK,"RS(255,223)_D3",223,3,669,765,1,0,0,0,100,100,0,30.7613573344407,100,100,0
std4_ITU_P681,QPSK,"RS(255,223)_D4",223,4,892,1020,1,0,0,0,100,100,0,21.3048443800809,100,100,0
std4_ITU_P681,QPSK,"RS(255,223)_D5",223,5,1115,1275,1,0,0,0,100,100,0,35.7130472218239,100,100,0
std4_ITU_P681,QPSK,"RS(255,223)_D8",223,8,1784,2040,1,0,0,0,100,100,0,31.7155165355312,100,100,0
std4_ITU_P681,QPSK,"RS(255,239)_D1",239,1,239,255,1,0,0,0,100,100,0,33.1499217010161,100,100,0
std4_ITU_P681,QPSK,"RS(255,239)_D2",239,2,478,510,1,0,0,0,100,100,0,32.7877575241317,100,100,0
std4_ITU_P681,QPSK,"RS(255,239)_D3",239,3,717,765,1,0,0,0,100,100,0,30.7988191783485,100,100,0
std4_ITU_P681,QPSK,"RS(255,239)_D4",239,4,956,1020,1,0,0,0,100,100,0,21.367333174795,100,100,0
std4_ITU_P681,QPSK,"RS(255,239)_D5",239,5,1195,1275,1,0,0,0,100,100,0,36.0950420541162,100,100,0
std4_ITU_P681,QPSK,"RS(255,239)_D8",239,8,1912,2040,1,0,0,0,100,100,0,31.9456332605678,100,100,0
std4_ITU_P681,8PSK,"RS(255,223)_D1",223,1,223,255,1,0,0,0,97.0588235294118,97.0588235294118,0,33.2091995382843,100,100,0
std4_ITU_P681,8PSK,"RS(255,223)_D2",223,2,446,510,1,0,0,0,100,100,0,29.1276937514166,100,100,0
std4_ITU_P681,8PSK,"RS(255,223)_D3",223,3,669,765,1,0,0,0,100,100,0,33.078530691878,100,100,0
std4_ITU_P681,8PSK,"RS(255,223)_D4",223,4,892,1020,1,0,0,0,100,100,0,26.0215817876273,100,100,0
std4_ITU_P681,8PSK,"RS(255,223)_D5",223,5,1115,1275,1,0,0,0,100,100,0,31.5527293650098,100,100,0
std4_ITU_P681,8PSK,"RS(255,223)_D8",223,8,1784,2040,1,0,0,0,100,100,0,34.9762453247156,100,100,0
std4_ITU_P681,8PSK,"RS(255,239)_D1",239,1,239,255,1,0,0,0,100,100,0,33.2267175001331,100,100,0
std4_ITU_P681,8PSK,"RS(255,239)_D2",239,2,478,510,1,0,0,0,100,100,0,29.1587929194376,100,100,0
std4_ITU_P681,8PSK,"RS(255,239)_D3",239,3,717,765,1,0,0,0,97.0588235294118,97.0588235294118,0,33.028677063827,100,100,0
std4_ITU_P681,8PSK,"RS(255,239)_D4",239,4,956,1020,1,0,0,0,100,100,0,25.9362430429972,100,100,0
std4_ITU_P681,8PSK,"RS(255,239)_D5",239,5,1195,1275,1,0,0,0,97.0588235294118,97.0588235294118,0,31.5717608051492,100,100,0
std4_ITU_P681,8PSK,"RS(255,239)_D8",239,8,1912,2040,1,0,0,0,97.0588235294118,97.0588235294118,0,35.0274331169378,100,100,0
std5_Jakes,QPSK,"RS(255,223)_D1",223,1,223,255,1,0,0,0,100,100,0,36.1532592941659,100,100,0
std5_Jakes,QPSK,"RS(255,223)_D2",223,2,446,510,1,0,0,0,100,100,0,36.3647673587297,100,100,0
std5_Jakes,QPSK,"RS(255,223)_D3",223,3,669,765,1,0,0,0,100,100,0,36.7232699665408,100,100,0
std5_Jakes,QPSK,"RS(255,223)_D4",223,4,892,1020,1,0,0,0,100,100,0,35.4590664657985,100,100,0
std5_Jakes,QPSK,"RS(255,223)_D5",223,5,1115,1275,1,0,0,0,100,100,0,35.2368454064541,100,100,0
std5_Jakes,QPSK,"RS(255,223)_D8",223,8,1784,2040,1,0,0,0,100,100,0,36.6764648041119,100,100,0
std5_Jakes,QPSK,"RS(255,239)_D1",239,1,239,255,1,0,0,0,100,100,0,36.0300339013069,100,100,0
std5_Jakes,QPSK,"RS(255,239)_D2",239,2,478,510,1,0,0,0,100,100,0,36.4968850154446,100,100,0
std5_Jakes,QPSK,"RS(255,239)_D3",239,3,717,765,1,0,0,0,100,100,0,36.6394732449963,100,100,0
std5_Jakes,QPSK,"RS(255,239)_D4",239,4,956,1020,1,0,0,0,100,100,0,35.3630636530375,100,100,0
std5_Jakes,QPSK,"RS(255,239)_D5",239,5,1195,1275,1,0,0,0,100,100,0,35.2748592883434,100,100,0
std5_Jakes,QPSK,"RS(255,239)_D8",239,8,1912,2040,1,0,0,0,100,100,0,36.5145498284669,100,100,0
std5_Jakes,8PSK,"RS(255,223)_D1",223,1,223,255,1,0,0,0,100,100,0,35.8955956188906,100,100,0
std5_Jakes,8PSK,"RS(255,223)_D2",223,2,446,510,1,0,0,0,100,100,0,35.7780002429085,100,100,0
std5_Jakes,8PSK,"RS(255,223)_D3",223,3,669,765,1,0,0,0,97.0588235294118,97.0588235294118,0,36.4912090077775,100,100,0
std5_Jakes,8PSK,"RS(255,223)_D4",223,4,892,1020,1,0,0,0,100,100,0,35.7149727068348,100,100,0
std5_Jakes,8PSK,"RS(255,223)_D5",223,5,1115,1275,1,0,0,0,97.0588235294118,97.0588235294118,0,35.9386955676539,100,100,0
std5_Jakes,8PSK,"RS(255,223)_D8",223,8,1784,2040,1,0,0,0,100,100,0,35.9760439116724,100,100,0
std5_Jakes,8PSK,"RS(255,239)_D1",239,1,239,255,1,0,0,0,97.0588235294118,97.0588235294118,0,35.8443140488994,100,100,0
std5_Jakes,8PSK,"RS(255,239)_D2",239,2,478,510,1,0,0,0,100,100,0,35.8505530413198,100,100,0
std5_Jakes,8PSK,"RS(255,239)_D3",239,3,717,765,1,0,0,0,100,100,0,36.4533011129927,100,100,0
std5_Jakes,8PSK,"RS(255,239)_D4",239,4,956,1020,1,0,0,0,100,100,0,35.8433052368693,100,100,0
std5_Jakes,8PSK,"RS(255,239)_D5",239,5,1195,1275,1,0,0,0,100,100,0,35.8918556306569,100,100,0
std5_Jakes,8PSK,"RS(255,239)_D8",239,8,1912,2040,1,0,0,0,100,100,0,35.8718769133504,100,100,0
std6_CLoo,QPSK,"RS(255,223)_D1",223,1,223,255,1,0,0,0,100,100,0,26.7695927046408,100,100,0
std6_CLoo,QPSK,"RS(255,223)_D2",223,2,446,510,1,0,0,0,100,100,0,24.0681953044061,100,100,0
std6_CLoo,QPSK,"RS(255,223)_D3",223,3,669,765,1,0,0,0,100,100,0,34.195437687719,100,100,0
std6_CLoo,QPSK,"RS(255,223)_D4",223,4,892,1020,1,0,0,0,100,100,0,21.6543816792175,100,100,0
std6_CLoo,QPSK,"RS(255,223)_D5",223,5,1115,1275,1,0,0,0,100,100,0,34.9453135713699,100,100,0
std6_CLoo,QPSK,"RS(255,223)_D8",223,8,1784,2040,1,0,0,0,100,100,0,26.6761442068246,100,100,0
std6_CLoo,QPSK,"RS(255,239)_D1",239,1,239,255,1,0,0,0,100,100,0,26.2199264654789,100,100,0
std6_CLoo,QPSK,"RS(255,239)_D2",239,2,478,510,1,0,0,0,100,100,0,24.1440334089764,100,100,0
std6_CLoo,QPSK,"RS(255,239)_D3",239,3,717,765,1,0,0,0,100,100,0,34.1115010912192,100,100,0
std6_CLoo,QPSK,"RS(255,239)_D4",239,4,956,1020,1,0,0,0,100,100,0,21.6750017249652,100,100,0
std6_CLoo,QPSK,"RS(255,239)_D5",239,5,1195,1275,1,0,0,0,100,100,0,34.9985519754108,100,100,0
std6_CLoo,QPSK,"RS(255,239)_D8",239,8,1912,2040,1,0,0,0,100,100,0,27.01117584922,100,100,0
std6_CLoo,8PSK,"RS(255,223)_D1",223,1,223,255,1,0,0,0,97.0588235294118,97.0588235294118,0,34.1440855787621,100,100,0
std6_CLoo,8PSK,"RS(255,223)_D2",223,2,446,510,1,0,0,0,100,100,0,32.6999076943179,100,100,0
std6_CLoo,8PSK,"RS(255,223)_D3",223,3,669,765,1,0,0,0,100,100,0,24.4660146957044,100,100,0
std6_CLoo,8PSK,"RS(255,223)_D4",223,4,892,1020,1,0,0,0,97.0588235294118,97.0588235294118,0,26.2408696640363,100,100,0
std6_CLoo,8PSK,"RS(255,223)_D5",223,5,1115,1275,1,0,0,0,100,100,0,35.0833636621116,100,100,0
std6_CLoo,8PSK,"RS(255,223)_D8",223,8,1784,2040,1,0,0,0,100,100,0,35.5027145917703,100,100,0
std6_CLoo,8PSK,"RS(255,239)_D1",239,1,239,255,1,0,0,0,97.0588235294118,97.0588235294118,0,34.0927172957364,100,100,0
std6_CLoo,8PSK,"RS(255,239)_D2",239,2,478,510,1,0,0,0,100,100,0,32.7092772569903,100,100,0
std6_CLoo,8PSK,"RS(255,239)_D3",239,3,717,765,1,0,0,0,100,100,0,24.1386039550648,100,100,0
std6_CLoo,8PSK,"RS(255,239)_D4",239,4,956,1020,1,0,0,0,97.0588235294118,97.0588235294118,0,26.7156934409942,100,100,0
std6_CLoo,8PSK,"RS(255,239)_D5",239,5,1195,1275,1,0,0,0,97.0588235294118,97.0588235294118,0,35.0978914257027,100,100,0
std6_CLoo,8PSK,"RS(255,239)_D8",239,8,1912,2040,1,0,0,0,100,100,0,35.5115794678061,100,100,0
std7_Corazza,QPSK,"RS(255,223)_D1",223,1,223,255,1,0,0,0,100,100,0,26.7695923086367,100,100,0
std7_Corazza,QPSK,"RS(255,223)_D2",223,2,446,510,1,0,0,0,100,100,0,24.0681949907593,100,100,0
std7_Corazza,QPSK,"RS(255,223)_D3",223,3,669,765,1,0,0,0,100,100,0,34.1954376488324,100,100,0
std7_Corazza,QPSK,"RS(255,223)_D4",223,4,892,1020,1,0,0,0,100,100,0,21.6543813946565,100,100,0
std7_Corazza,QPSK,"RS(255,223)_D5",223,5,1115,1275,1,0,0,0,100,100,0,34.9453135287832,100,100,0
std7_Corazza,QPSK,"RS(255,223)_D8",223,8,1784,2040,1,0,0,0,100,100,0,26.6761439119166,100,100,0
std7_Corazza,QPSK,"RS(255,239)_D1",239,1,239,255,1,0,0,0,100,100,0,26.2199260678501,100,100,0
std7_Corazza,QPSK,"RS(255,239)_D2",239,2,478,510,1,0,0,0,100,100,0,24.1440330825831,100,100,0
std7_Corazza,QPSK,"RS(255,239)_D3",239,3,717,765,1,0,0,0,100,100,0,34.1115010488434,100,100,0
std7_Corazza,QPSK,"RS(255,239)_D4",239,4,956,1020,1,0,0,0,100,100,0,21.6750014423724,100,100,0
std7_Corazza,QPSK,"RS(255,239)_D5",239,5,1195,1275,1,0,0,0,100,100,0,34.9985519316832,100,100,0
std7_Corazza,QPSK,"RS(255,239)_D8",239,8,1912,2040,1,0,0,0,100,100,0,27.0111755722801,100,100,0
std7_Corazza,8PSK,"RS(255,223)_D1",223,1,223,255,1,0,0,0,97.0588235294118,97.0588235294118,0,34.1440855726628,100,100,0
std7_Corazza,8PSK,"RS(255,223)_D2",223,2,446,510,1,0,0,0,100,100,0,32.6999076804229,100,100,0
std7_Corazza,8PSK,"RS(255,223)_D3",223,3,669,765,1,0,0,0,100,100,0,24.4660143407587,100,100,0
std7_Corazza,8PSK,"RS(255,223)_D4",223,4,892,1020,1,0,0,0,97.0588235294118,97.0588235294118,0,26.2408693556174,100,100,0
std7_Corazza,8PSK,"RS(255,223)_D5",223,5,1115,1275,1,0,0,0,100,100,0,35.0833636347362,100,100,0
std7_Corazza,8PSK,"RS(255,223)_D8",223,8,1784,2040,1,0,0,0,100,100,0,35.5027145440445,100,100,0
std7_Corazza,8PSK,"RS(255,239)_D1",239,1,239,255,1,0,0,0,97.0588235294118,97.0588235294118,0,34.0927172890353,100,100,0
std7_Corazza,8PSK,"RS(255,239)_D2",239,2,478,510,1,0,0,0,100,100,0,32.7092772442106,100,100,0
std7_Corazza,8PSK,"RS(255,239)_D3",239,3,717,765,1,0,0,0,100,100,0,24.1386036370746,100,100,0
std7_Corazza,8PSK,"RS(255,239)_D4",239,4,956,1020,1,0,0,0,97.0588235294118,97.0588235294118,0,26.7156931333544,100,100,0
std7_Corazza,8PSK,"RS(255,239)_D5",239,5,1195,1275,1,0,0,0,97.0588235294118,97.0588235294118,0,35.0978913979646,100,100,0
std7_Corazza,8PSK,"RS(255,239)_D8",239,8,1912,2040,1,0,0,0,100,100,0,35.5115794178248,100,100,0
std8_Lutz,QPSK,"RS(255,223)_D1",223,1,223,255,1,0,0,0,100,100,0,36.1561132651298,100,100,0
std8_Lutz,QPSK,"RS(255,223)_D2",223,2,446,510,1,0,0,0,100,100,0,36.402403386747,100,100,0
std8_Lutz,QPSK,"RS(255,223)_D3",223,3,669,765,1,0,0,0,100,100,0,36.70755041787,100,100,0
std8_Lutz,QPSK,"RS(255,223)_D4",223,4,892,1020,1,0,0,0,100,100,0,35.4327559024459,100,100,0
std8_Lutz,QPSK,"RS(255,223)_D5",223,5,1115,1275,1,0,0,0,100,100,0,35.3996935493813,100,100,0
std8_Lutz,QPSK,"RS(255,223)_D8",223,8,1784,2040,1,0,0,0,100,100,0,36.5660972002719,100,100,0
std8_Lutz,QPSK,"RS(255,239)_D1",239,1,239,255,1,0,0,0,100,100,0,36.1137728267539,100,100,0
std8_Lutz,QPSK,"RS(255,239)_D2",239,2,478,510,1,0,0,0,100,100,0,36.5044637716666,100,100,0
std8_Lutz,QPSK,"RS(255,239)_D3",239,3,717,765,1,0,0,0,100,100,0,36.7295882826854,100,100,0
std8_Lutz,QPSK,"RS(255,239)_D4",239,4,956,1020,1,0,0,0,100,100,0,35.4441563381822,100,100,0
std8_Lutz,QPSK,"RS(255,239)_D5",239,5,1195,1275,1,0,0,0,100,100,0,35.525218658848,100,100,0
std8_Lutz,QPSK,"RS(255,239)_D8",239,8,1912,2040,1,0,0,0,100,100,0,36.6572712146882,100,100,0
std8_Lutz,8PSK,"RS(255,223)_D1",223,1,223,255,1,0,0,0,100,100,0,35.929534481094,100,100,0
std8_Lutz,8PSK,"RS(255,223)_D2",223,2,446,510,1,0,0,0,100,100,0,35.8651635495734,100,100,0
std8_Lutz,8PSK,"RS(255,223)_D3",223,3,669,765,1,0,0,0,100,100,0,36.4873303030681,100,100,0
std8_Lutz,8PSK,"RS(255,223)_D4",223,4,892,1020,1,0,0,0,100,100,0,35.7040940131084,100,100,0
std8_Lutz,8PSK,"RS(255,223)_D5",223,5,1115,1275,1,0,0,0,97.0588235294118,97.0588235294118,0,36.044767911287,100,100,0
std8_Lutz,8PSK,"RS(255,223)_D8",223,8,1784,2040,1,0,0,0,100,100,0,35.8609837114333,100,100,0
std8_Lutz,8PSK,"RS(255,239)_D1",239,1,239,255,1,0,0,0,97.0588235294118,97.0588235294118,0,35.8442518808109,100,100,0
std8_Lutz,8PSK,"RS(255,239)_D2",239,2,478,510,1,0,0,0,100,100,0,35.8760412966326,100,100,0
std8_Lutz,8PSK,"RS(255,239)_D3",239,3,717,765,1,0,0,0,97.0588235294118,97.0588235294118,0,36.5611233959885,100,100,0
std8_Lutz,8PSK,"RS(255,239)_D4",239,4,956,1020,1,0,0,0,97.0588235294118,97.0588235294118,0,35.8373393185197,100,100,0
std8_Lutz,8PSK,"RS(255,239)_D5",239,5,1195,1275,1,0,0,0,100,100,0,35.9447172933251,100,100,0
std8_Lutz,8PSK,"RS(255,239)_D8",239,8,1912,2040,1,0,0,0,100,100,0,35.8298806345322,100,100,0
