Freq [GHz],Phi [deg],Theta [deg],dB(GainLHCP) [],dB(GainRHCP) [],,Freq [GHz],Phi [deg],Theta [deg],dB(GainLHCP) [],dB(GainRHCP) []
19.6,0,-180,-27.23133464,-0.571748784,,19.6,90,-180,-27.23133464,-0.571748784
19.6,0,-179,-18.55491425,-4.679106316,,19.6,90,-179,-14.77791892,-4.748349574
19.6,0,-178,-10.01456874,-23.75212066,,19.6,90,-178,-9.225530854,-14.98282814
19.6,0,-177,-15.05363036,-17.17567113,,19.6,90,-177,-14.3418588,-12.02721425
19.6,0,-176,-16.60176246,-12.06070881,,19.6,90,-176,-18.36503328,-12.09654465
19.6,0,-175,-13.73522881,-8.518110614,,19.6,90,-175,-15.20142995,-9.141846267
19.6,0,-174,-24.28648022,-15.82343517,,19.6,90,-174,-18.7672657,-14.9548965
19.6,0,-173,-13.83102627,-16.66552142,,19.6,90,-173,-13.67469574,-12.53314081
19.6,0,-172,-26.99068335,-15.86455599,,19.6,90,-172,-29.98221981,-12.96910564
19.6,0,-171,-15.94355971,-10.40456777,,19.6,90,-171,-15.26978824,-10.64846759
19.6,0,-170,-21.15206667,-13.25023303,,19.6,90,-170,-19.26718522,-14.08662135
19.6,0,-169,-20.29842743,-11.7436404,,19.6,90,-169,-17.22518228,-11.96228481
19.6,0,-168,-26.12155628,-11.21134169,,19.6,90,-168,-22.96007543,-10.70443184
19.6,0,-167,-15.27676614,-17.09315324,,19.6,90,-167,-15.57035721,-14.71814469
19.6,0,-166,-12.27276835,-25.07223132,,19.6,90,-166,-12.99047216,-19.55614581
19.6,0,-165,-21.00099443,-11.33212055,,19.6,90,-165,-23.51102135,-11.37694991
19.6,0,-164,-23.20368738,-6.450869639,,19.6,90,-164,-22.75697447,-6.648716753
19.6,0,-163,-16.86967708,-8.400507133,,19.6,90,-163,-22.89913117,-8.377660943
19.6,0,-162,-10.89896664,-13.30242787,,19.6,90,-162,-12.05141955,-13.28355014
19.6,0,-161,-12.71182904,-11.49351322,,19.6,90,-161,-13.72763127,-11.84330527
19.6,0,-160,-23.07308444,-7.394712974,,19.6,90,-160,-25.33915108,-7.458753181
19.6,0,-159,-19.40595024,-6.890753979,,19.6,90,-159,-20.31373801,-7.030131267
19.6,0,-158,-19.76081099,-12.025982,,19.6,90,-158,-24.35205852,-11.87406217
19.6,0,-157,-15.45700681,-18.8629795,,19.6,90,-157,-16.001266,-19.60369141
19.6,0,-156,-20.90693896,-21.23478025,,19.6,90,-156,-19.53464463,-25.65554773
19.6,0,-155,-20.34564133,-29.52367644,,19.6,90,-155,-19.92701551,-19.8973941
19.6,0,-154,-17.35776161,-27.84793464,,19.6,90,-154,-20.08501444,-27.37177392
19.6,0,-153,-26.24197228,-15.15252883,,19.6,90,-153,-33.59703198,-15.29423429
19.6,0,-152,-24.70877628,-10.57192937,,19.6,90,-152,-21.42984947,-10.58856976
19.6,0,-151,-32.78833543,-11.36303823,,19.6,90,-151,-34.67342565,-12.50272553
19.6,0,-150,-19.39942474,-13.70408422,,19.6,90,-150,-17.24802034,-15.50852731
19.6,0,-149,-18.70640697,-13.79765175,,19.6,90,-149,-17.45424025,-14.92288182
19.6,0,-148,-27.71510278,-12.11454888,,19.6,90,-148,-37.75613865,-12.17331103
19.6,0,-147,-26.07767443,-11.15711147,,19.6,90,-147,-21.43485562,-10.25173046
19.6,0,-146,-42.59694762,-13.84531991,,19.6,90,-146,-31.50572336,-12.80033048
19.6,0,-145,-19.43199606,-21.09875756,,19.6,90,-145,-18.86609688,-20.88885641
19.6,0,-144,-16.98908838,-24.49444438,,19.6,90,-144,-15.40583081,-26.45126003
19.6,0,-143,-21.77526978,-15.51536347,,19.6,90,-143,-20.57761563,-18.13409505
19.6,0,-142,-28.56191314,-10.69994302,,19.6,90,-142,-23.22732544,-11.38384154
19.6,0,-141,-26.22931131,-9.815806047,,19.6,90,-141,-19.89836084,-9.924813519
19.6,0,-140,-20.97851792,-11.17519058,,19.6,90,-140,-24.63466256,-11.51300931
19.6,0,-139,-17.65923203,-12.50210037,,19.6,90,-139,-20.95254475,-12.88743832
19.6,0,-138,-20.49020174,-14.41310856,,19.6,90,-138,-21.23052728,-13.9860797
19.6,0,-137,-25.96404693,-19.116879,,19.6,90,-137,-34.19848332,-17.50863931
19.6,0,-136,-18.68153318,-22.16844975,,19.6,90,-136,-20.21338376,-19.2780843
19.6,0,-135,-18.20514422,-18.3770347,,19.6,90,-135,-18.52840134,-17.86243587
19.6,0,-134,-23.60139401,-14.56314749,,19.6,90,-134,-24.48858804,-16.52432351
19.6,0,-133,-40.6251079,-12.6151236,,19.6,90,-133,-30.70097711,-15.01830555
19.6,0,-132,-24.40622495,-13.40755567,,19.6,90,-132,-21.80389572,-15.96822819
19.6,0,-131,-19.11989063,-17.37521992,,19.6,90,-131,-19.58972877,-20.30806936
19.6,0,-130,-17.3092361,-22.13929486,,19.6,90,-130,-18.48394173,-18.58135033
19.6,0,-129,-19.58593066,-21.53101995,,19.6,90,-129,-19.98303103,-15.58659141
19.6,0,-128,-30.19575177,-24.45249154,,19.6,90,-128,-29.56846137,-16.99736221
19.6,0,-127,-21.02155441,-34.77419584,,19.6,90,-127,-21.66893632,-25.00832295
19.6,0,-126,-16.63011208,-21.00487768,,19.6,90,-126,-15.77536331,-21.4724117
19.6,0,-125,-16.78100484,-16.4586138,,19.6,90,-125,-14.70069374,-15.45978711
19.6,0,-124,-20.46176111,-14.74930678,,19.6,90,-124,-16.87561529,-13.70820407
19.6,0,-123,-25.68181262,-14.58560469,,19.6,90,-123,-22.05051888,-14.01404198
19.6,0,-122,-22.08124749,-15.22339501,,19.6,90,-122,-22.7264659,-15.33912552
19.6,0,-121,-18.91212951,-15.32443546,,19.6,90,-121,-19.40202845,-16.15086196
19.6,0,-120,-17.3573707,-14.20235814,,19.6,90,-120,-18.02437206,-15.35645671
19.6,0,-119,-16.6851436,-13.13496456,,19.6,90,-119,-17.26193362,-14.31239958
19.6,0,-118,-16.77533116,-13.08279692,,19.6,90,-118,-16.4493164,-14.29374076
19.6,0,-117,-17.38494416,-14.30797882,,19.6,90,-117,-16.15167426,-15.78686687
19.6,0,-116,-17.94499516,-16.94325933,,19.6,90,-116,-16.9533655,-19.25173384
19.6,0,-115,-18.41366741,-21.4540237,,19.6,90,-115,-19.22783822,-25.95917541
19.6,0,-114,-19.71575061,-30.6507694,,19.6,90,-114,-23.73531281,-35.45065532
19.6,0,-113,-22.89783393,-29.91333878,,19.6,90,-113,-32.17639964,-26.26063347
19.6,0,-112,-25.17969996,-21.18419131,,19.6,90,-112,-25.69489933,-20.85515686
19.6,0,-111,-20.40210653,-17.01391947,,19.6,90,-111,-19.63010357,-16.98873171
19.6,0,-110,-16.67137676,-14.68543145,,19.6,90,-110,-16.25879758,-14.34226533
19.6,0,-109,-14.82827142,-13.50279461,,19.6,90,-109,-14.35781235,-12.8584712
19.6,0,-108,-14.28864031,-13.00946312,,19.6,90,-108,-13.53646551,-12.37301164
19.6,0,-107,-14.56698062,-12.64164148,,19.6,90,-107,-13.61267124,-12.52611227
19.6,0,-106,-15.05973554,-11.86676235,,19.6,90,-106,-14.40221048,-12.56862588
19.6,0,-105,-15.14741187,-10.69500602,,19.6,90,-105,-15.50592881,-11.75534998
19.6,0,-104,-14.80193871,-9.577697862,,19.6,90,-104,-16.14291144,-10.37517115
19.6,0,-103,-14.52181739,-8.870707391,,19.6,90,-103,-15.76250805,-9.190542493
19.6,0,-102,-14.61365148,-8.70496987,,19.6,90,-102,-14.78351816,-8.574724307
19.6,0,-101,-14.83902091,-9.046716969,,19.6,90,-101,-13.73904918,-8.572026748
19.6,0,-100,-14.36870332,-9.671665523,,19.6,90,-100,-12.69935083,-9.018203412
19.6,0,-99,-12.73577232,-10.07369095,,19.6,90,-99,-11.53075201,-9.488822854
19.6,0,-98,-10.63391914,-9.702207018,,19.6,90,-98,-10.21303467,-9.384137756
19.6,0,-97,-8.771610563,-8.618916406,,19.6,90,-97,-8.899914544,-8.530662438
19.6,0,-96,-7.385324252,-7.349009113,,19.6,90,-96,-7.777088029,-7.375141121
19.6,0,-95,-6.485563831,-6.247846184,,19.6,90,-95,-6.959922356,-6.349839707
19.6,0,-94,-6.006776979,-5.414467022,,19.6,90,-94,-6.48300163,-5.607831458
19.6,0,-93,-5.837707625,-4.826858432,,19.6,90,-93,-6.311073093,-5.128968738
19.6,0,-92,-5.810877853,-4.429948791,,19.6,90,-92,-6.334304397,-4.825632385
19.6,0,-91,-5.71084114,-4.17594161,,19.6,90,-91,-6.361690304,-4.606675335
19.6,0,-90,-5.360190401,-4.039431161,,19.6,90,-90,-6.173751582,-4.421940645
19.6,0,-89,-4.743041323,-4.015116161,,19.6,90,-89,-5.667036124,-4.279685897
19.6,0,-88,-4.003530517,-4.104638364,,19.6,90,-88,-4.941572561,-4.228845204
19.6,0,-87,-3.318339769,-4.302071538,,19.6,90,-87,-4.197915793,-4.325234867
19.6,0,-86,-2.805820032,-4.586777247,,19.6,90,-86,-3.597380967,-4.606790523
19.6,0,-85,-2.514823543,-4.929013389,,19.6,90,-85,-3.219836168,-5.084815135
19.6,0,-84,-2.442398186,-5.308484619,,19.6,90,-84,-3.0801974,-5.74639994
19.6,0,-83,-2.549489296,-5.736609253,,19.6,90,-83,-3.150439926,-6.564195984
19.6,0,-82,-2.772726427,-6.266046647,,19.6,90,-82,-3.37482511,-7.511941321
19.6,0,-81,-3.040013725,-6.978419482,,19.6,90,-81,-3.683699632,-8.578514661
19.6,0,-80,-3.293817077,-7.954758196,,19.6,90,-80,-4.010718171,-9.760365786
19.6,0,-79,-3.512569716,-9.227440892,,19.6,90,-79,-4.30914832,-11.00248521
19.6,0,-78,-3.71212616,-10.68409171,,19.6,90,-78,-4.555490833,-12.07950874
19.6,0,-77,-3.92245322,-11.9207029,,19.6,90,-77,-4.736133564,-12.57411495
19.6,0,-76,-4.155269006,-12.37421181,,19.6,90,-76,-4.830553989,-12.29217923
19.6,0,-75,-4.38178375,-12.04769251,,19.6,90,-75,-4.811236115,-11.61605823
19.6,0,-74,-4.533704971,-11.55045998,,19.6,90,-74,-4.665826534,-11.0698781
19.6,0,-73,-4.536325351,-11.35962553,,19.6,90,-73,-4.421878767,-10.9479996
19.6,0,-72,-4.36239054,-11.63844584,,19.6,90,-72,-4.147189232,-11.33809172
19.6,0,-71,-4.061918605,-12.36072869,,19.6,90,-71,-3.92384714,-12.19100491
19.6,0,-70,-3.737809223,-13.37178812,,19.6,90,-70,-3.817226431,-13.32606233
19.6,0,-69,-3.497306767,-14.34885515,,19.6,90,-69,-3.855369334,-14.39405114
19.6,0,-68,-3.421758328,-14.70767164,,19.6,90,-68,-4.023444795,-14.83842631
19.6,0,-67,-3.563310001,-13.94516143,,19.6,90,-67,-4.282390101,-14.15869118
19.6,0,-66,-3.959177619,-12.46966797,,19.6,90,-66,-4.619641798,-12.64894446
19.6,0,-65,-4.653390926,-11.17795429,,19.6,90,-65,-5.100854796,-11.18940246
19.6,0,-64,-5.709380786,-10.65390378,,19.6,90,-64,-5.857612095,-10.4222588
19.6,0,-63,-7.183252892,-11.1687876,,19.6,90,-63,-6.996039314,-10.65886686
19.6,0,-62,-9.021198312,-12.73409893,,19.6,90,-62,-8.478840067,-12.00017057
19.6,0,-61,-10.89699152,-14.62967825,,19.6,90,-61,-10.0666684,-14.12690327
19.6,0,-60,-12.22344362,-15.27442562,,19.6,90,-60,-11.31624655,-15.78657636
19.6,0,-59,-12.38101514,-15.21882485,,19.6,90,-59,-11.26772063,-16.36203379
19.6,0,-58,-10.99201793,-16.28528393,,19.6,90,-58,-9.37845048,-17.31677655
19.6,0,-57,-8.940003516,-18.84217318,,19.6,90,-57,-7.221025923,-19.23985953
19.6,0,-56,-7.545321661,-21.38212385,,19.6,90,-56,-6.153123616,-21.11933266
19.6,0,-55,-7.426197684,-23.72825374,,19.6,90,-55,-6.660770915,-22.98320671
19.6,0,-54,-8.720116413,-25.10882437,,19.6,90,-54,-8.948311524,-22.20124559
19.6,0,-53,-11.2025855,-18.424378,,19.6,90,-53,-12.95128932,-17.19221809
19.6,0,-52,-14.1986147,-14.60496053,,19.6,90,-52,-18.48835109,-14.50078096
19.6,0,-51,-15.49532277,-14.13613231,,19.6,90,-51,-23.07031413,-14.87530904
19.6,0,-50,-12.12014922,-16.62984886,,19.6,90,-50,-13.58216724,-18.05593093
19.6,0,-49,-8.970942049,-21.04141895,,19.6,90,-49,-8.919780914,-20.31196339
19.6,0,-48,-8.216502791,-22.5300418,,19.6,90,-48,-7.881785193,-19.91708502
19.6,0,-47,-9.994659247,-17.9714858,,19.6,90,-47,-9.942058955,-18.56569783
19.6,0,-46,-13.8082362,-13.13872795,,19.6,90,-46,-14.98826456,-14.04564073
19.6,0,-45,-15.85581164,-11.41681044,,19.6,90,-45,-19.14693834,-12.03189911
19.6,0,-44,-12.22039544,-13.3212528,,19.6,90,-44,-15.20255736,-14.02525438
19.6,0,-43,-8.027206673,-20.32633505,,19.6,90,-43,-9.855948498,-22.29263753
19.6,0,-42,-5.973555719,-35.15394278,,19.6,90,-42,-7.139928462,-25.69222768
19.6,0,-41,-6.073365173,-30.98557635,,19.6,90,-41,-6.903283885,-25.0756851
19.6,0,-40,-7.200644382,-18.99396877,,19.6,90,-40,-7.893119828,-22.4225303
19.6,0,-39,-7.179664552,-15.64313182,,19.6,90,-39,-7.985057975,-17.3751939
19.6,0,-38,-5.994093107,-18.30168319,,19.6,90,-38,-7.082482704,-18.52264122
19.6,0,-37,-5.898322122,-25.13635161,,19.6,90,-37,-7.404798731,-24.89859306
19.6,0,-36,-8.595953828,-31.51745394,,19.6,90,-36,-10.6653278,-39.89848282
19.6,0,-35,-12.44064094,-20.92988069,,19.6,90,-35,-12.48241561,-18.33913925
19.6,0,-34,-11.02454724,-13.68953982,,19.6,90,-34,-10.6179488,-13.4753382
19.6,0,-33,-12.25231067,-14.28096859,,19.6,90,-33,-13.44452634,-15.38435257
19.6,0,-32,-13.17700038,-21.94926572,,19.6,90,-32,-12.19996826,-21.24937516
19.6,0,-31,-12.68290302,-17.04307696,,19.6,90,-31,-10.16193777,-15.70612794
19.6,0,-30,-13.01051037,-15.86284585,,19.6,90,-30,-12.02294554,-17.98823007
19.6,0,-29,-9.757928961,-16.55944999,,19.6,90,-29,-9.502497104,-18.15356769
19.6,0,-28,-9.431090815,-20.40855354,,19.6,90,-28,-7.726768757,-16.15174145
19.6,0,-27,-10.37069079,-23.71885309,,19.6,90,-27,-8.167068799,-22.01073784
19.6,0,-26,-15.50509814,-14.41787043,,19.6,90,-26,-12.92852137,-16.22138358
19.6,0,-25,-17.68167884,-17.44410452,,19.6,90,-25,-17.56926496,-18.3948167
19.6,0,-24,-11.53987176,-21.82581396,,19.6,90,-24,-11.70945446,-19.74287798
19.6,0,-23,-26.93765528,-10.94102705,,19.6,90,-23,-15.83745412,-9.885872274
19.6,0,-22,-6.468198079,-11.20666341,,19.6,90,-22,-5.296524304,-10.73011474
19.6,0,-21,-5.264185638,-20.76874938,,19.6,90,-21,-4.044835079,-19.56100985
19.6,0,-20,-16.21682161,-7.19019533,,19.6,90,-20,-11.76189172,-6.704595303
19.6,0,-19,-9.488869287,-6.392069807,,19.6,90,-19,-11.54629004,-6.52177077
19.6,0,-18,-5.151789479,-15.51636482,,19.6,90,-18,-6.044125216,-15.326115
19.6,0,-17,-6.041433154,-7.903369803,,19.6,90,-17,-7.304742937,-7.74234728
19.6,0,-16,-13.29052002,-8.575708513,,19.6,90,-16,-13.86381486,-9.102799409
19.6,0,-15,-3.499427067,-27.66994788,,19.6,90,-15,-3.032661714,-29.15338381
19.6,0,-14,-0.90979907,-10.6092487,,19.6,90,-14,-0.932733997,-12.24288723
19.6,0,-13,-4.247759141,-5.242050221,,19.6,90,-13,-4.574273498,-6.802075949
19.6,0,-12,-2.922108419,-8.391418651,,19.6,90,-12,-3.248560398,-10.83934272
19.6,0,-11,3.703825989,-2.238321999,,19.6,90,-11,3.609688359,-1.947468072
19.6,0,-10,2.38275717,0.911864686,,19.6,90,-10,2.169471024,0.506312175
19.6,0,-9,-0.314212326,-6.33575646,,19.6,90,-9,1.364197763,-8.432028222
19.6,0,-8,5.874796608,1.327094968,,19.6,90,-8,6.999648688,1.705559061
19.6,0,-7,6.828725781,-1.115584526,,19.6,90,-7,7.129084914,-1.14907927
19.6,0,-6,4.360942267,-0.768834353,,19.6,90,-6,5.077704088,0.410339951
19.6,0,-5,16.56329438,6.892887548,,19.6,90,-5,16.42657107,7.369570866
19.6,0,-4,20.75656411,6.310428277,,19.6,90,-4,20.34177089,6.603754119
19.6,0,-3,9.324697343,8.630419069,,19.6,90,-3,6.586835703,8.496237339
19.6,0,-2,26.71169237,8.767447662,,19.6,90,-2,26.89807543,8.426619163
19.6,0,-1,34.08850972,1.110834316,,19.6,90,-1,34.11250664,0.149840627
19.6,0,0,36.08711437,-19.98554912,,19.6,90,0,36.08711437,-19.98554912
19.6,0,1,34.1037268,0.370796233,,19.6,90,1,34.14056965,-0.146947329
19.6,0,2,26.75763119,8.620530249,,19.6,90,2,26.98006382,8.380514913
19.6,0,3,9.140293479,8.801640858,,19.6,90,3,6.035088807,8.798806415
19.6,0,4,20.72725509,6.024611607,,19.6,90,4,20.33245564,7.181437633
19.6,0,5,16.54517996,6.378663648,,19.6,90,5,16.49444518,7.465349486
19.6,0,6,4.559421447,-0.923689955,,19.6,90,6,5.249473633,0.219351993
19.6,0,7,7.04977114,-1.683265351,,19.6,90,7,7.35609455,-0.919191251
19.6,0,8,6.269143186,0.919168508,,19.6,90,8,7.366364551,1.765542565
19.6,0,9,0.42574098,-8.029816711,,19.6,90,9,1.907389945,-9.388051541
19.6,0,10,2.465805976,0.650287002,,19.6,90,10,2.412091181,0.235302615
19.6,0,11,3.781803557,-2.242086712,,19.6,90,11,3.895407902,-2.259749556
19.6,0,12,-2.743735168,-9.270013405,,19.6,90,12,-2.543005951,-10.42274752
19.6,0,13,-2.820880965,-5.862017568,,19.6,90,13,-4.102700452,-6.525047674
19.6,0,14,-0.009600178,-10.70812483,,19.6,90,14,-0.401250919,-12.16105639
19.6,0,15,-2.805241911,-27.58125703,,19.6,90,15,-2.275851258,-25.39215416
19.6,0,16,-11.74931781,-8.004081418,,19.6,90,16,-11.94132747,-8.488252128
19.6,0,17,-6.067363566,-7.090856262,,19.6,90,17,-7.489947564,-7.407076676
19.6,0,18,-5.692927667,-15.77760164,,19.6,90,18,-6.824101892,-14.47250801
19.6,0,19,-10.3774092,-6.337993646,,19.6,90,19,-12.93230641,-6.142547298
19.6,0,20,-16.73200911,-7.03049589,,19.6,90,20,-13.9853805,-6.505431017
19.6,0,21,-5.207025518,-20.50709421,,19.6,90,21,-5.014439022,-18.923319
19.6,0,22,-6.204429105,-11.42725909,,19.6,90,22,-6.105036733,-10.0912716
19.6,0,23,-18.49215868,-11.98810227,,19.6,90,23,-18.93257162,-9.42639177
19.6,0,24,-9.791196945,-23.04378842,,19.6,90,24,-11.75153128,-19.27819052
19.6,0,25,-13.92218497,-18.00108568,,19.6,90,25,-17.28411087,-17.95872543
19.6,0,26,-18.27634957,-16.73323559,,19.6,90,26,-14.64223224,-15.30875177
19.6,0,27,-10.29231693,-32.2367352,,19.6,90,27,-8.745855563,-23.40776622
19.6,0,28,-9.161556798,-18.21356149,,19.6,90,28,-7.848576642,-18.12520047
19.6,0,29,-10.33507076,-14.66296376,,19.6,90,29,-9.481440836,-18.95850213
19.6,0,30,-14.08969239,-14.34855702,,19.6,90,30,-13.77091801,-16.48770854
19.6,0,31,-12.96043713,-16.07861574,,19.6,90,31,-12.16977026,-14.52604467
19.6,0,32,-13.83391824,-18.74534623,,19.6,90,32,-13.22773238,-20.25451532
19.6,0,33,-13.0906121,-13.21114638,,19.6,90,33,-13.33733486,-16.37919672
19.6,0,34,-11.65715548,-12.70612521,,19.6,90,34,-11.3360577,-14.1414067
19.6,0,35,-13.17108324,-18.70057459,,19.6,90,35,-13.31451976,-18.68739019
19.6,0,36,-8.937223372,-34.80860975,,19.6,90,36,-9.646306125,-30.19342749
19.6,0,37,-6.190339367,-26.09082502,,19.6,90,37,-6.310911981,-33.63718237
19.6,0,38,-6.320924689,-19.07148914,,19.6,90,38,-5.94161599,-20.91817581
19.6,0,39,-7.512019667,-16.27663043,,19.6,90,39,-6.774921145,-19.11918665
19.6,0,40,-7.456536658,-19.32804551,,19.6,90,40,-6.893429486,-27.86749995
19.6,0,41,-6.139562278,-30.61264604,,19.6,90,41,-6.25622172,-25.08678411
19.6,0,42,-5.816816983,-38.83296496,,19.6,90,42,-6.697554205,-24.19451337
19.6,0,43,-7.619941593,-20.84367042,,19.6,90,43,-9.487695477,-27.33955053
19.6,0,44,-11.4802008,-13.92502201,,19.6,90,44,-14.84967068,-14.96691013
19.6,0,45,-14.86705063,-12.1206719,,19.6,90,45,-18.71396354,-12.36351568
19.6,0,46,-13.17537943,-14.13936131,,19.6,90,46,-14.48411475,-14.04359184
19.6,0,47,-9.655290686,-20.15379554,,19.6,90,47,-9.528489622,-18.01719982
19.6,0,48,-7.940896235,-27.84851746,,19.6,90,48,-7.446591329,-18.98927061
19.6,0,49,-8.646815176,-28.01193657,,19.6,90,49,-8.330687702,-18.72622494
19.6,0,50,-11.69395004,-21.77249495,,19.6,90,50,-12.40932951,-16.24044664
19.6,0,51,-15.27355027,-18.43425218,,19.6,90,51,-18.10247769,-13.4349451
19.6,0,52,-14.35554783,-19.59943902,,19.6,90,52,-15.29501755,-13.07769679
19.6,0,53,-11.21007423,-26.15964407,,19.6,90,53,-11.37429579,-15.4239777
19.6,0,54,-8.530483767,-22.96422025,,19.6,90,54,-8.250096311,-19.92122851
19.6,0,55,-7.07553262,-18.69561844,,19.6,90,55,-6.356697195,-22.12606526
19.6,0,56,-7.021695708,-18.06387355,,19.6,90,56,-5.993020922,-21.00477388
19.6,0,57,-8.184721008,-17.837018,,19.6,90,57,-7.081182408,-19.25731111
19.6,0,58,-9.950820675,-16.29480065,,19.6,90,58,-9.182753546,-17.3905466
19.6,0,59,-11.14948285,-15.03709011,,19.6,90,59,-11.0159389,-16.59824219
19.6,0,60,-10.9818841,-14.38788776,,19.6,90,60,-11.07694892,-16.39704989
19.6,0,61,-9.751956422,-13.29043722,,19.6,90,61,-9.819663749,-14.87265355
19.6,0,62,-8.074779883,-11.68348688,,19.6,90,62,-8.213583632,-12.49274788
19.6,0,63,-6.481315992,-10.53184689,,19.6,90,63,-6.735109152,-10.87727631
19.6,0,64,-5.246990802,-10.32508609,,19.6,90,64,-5.61051947,-10.41822769
19.6,0,65,-4.407664744,-11.09635269,,19.6,90,65,-4.861879564,-10.99518597
19.6,0,66,-3.893733724,-12.64695411,,19.6,90,66,-4.382263235,-12.29280887
19.6,0,67,-3.627428953,-14.43825876,,19.6,90,67,-4.047607846,-13.71155304
19.6,0,68,-3.55900651,-15.45235728,,19.6,90,68,-3.797932294,-14.45694699
19.6,0,69,-3.659070803,-15.04956586,,19.6,90,69,-3.645062344,-14.25681866
19.6,0,70,-3.894142858,-13.81389238,,19.6,90,70,-3.624542977,-13.53345172
19.6,0,71,-4.208507266,-12.52184102,,19.6,90,71,-3.749103869,-12.74225017
19.6,0,72,-4.52378387,-11.58174544,,19.6,90,72,-3.989616898,-12.16241933
19.6,0,73,-4.759976826,-11.17428218,,19.6,90,73,-4.277654824,-11.95010475
19.6,0,74,-4.870115249,-11.3536784,,19.6,90,74,-4.525203553,-12.13980711
19.6,0,75,-4.861838672,-12.02847406,,19.6,90,75,-4.659824602,-12.59260357
19.6,0,76,-4.782964397,-12.79721883,,19.6,90,76,-4.656167372,-12.92798958
19.6,0,77,-4.683215107,-12.85167455,,19.6,90,77,-4.53503919,-12.66771851
19.6,0,78,-4.583278791,-11.78465915,,19.6,90,78,-4.332547557,-11.72627824
19.6,0,79,-4.468161553,-10.20948194,,19.6,90,79,-4.073944772,-10.4646125
19.6,0,80,-4.305383932,-8.755667383,,19.6,90,80,-3.774133594,-9.207499722
19.6,0,81,-4.078242318,-7.625822662,,19.6,90,81,-3.455960737,-8.071261273
19.6,0,82,-3.812023225,-6.802441334,,19.6,90,82,-3.163952534,-7.060018929
19.6,0,83,-3.572331015,-6.200919561,,19.6,90,83,-2.960716569,-6.15989607
19.6,0,84,-3.439871339,-5.733451412,,19.6,90,84,-2.911271862,-5.377904792
19.6,0,85,-3.483395442,-5.34142393,,19.6,90,85,-3.066763719,-4.740980836
19.6,0,86,-3.742005034,-5.008565956,,19.6,90,86,-3.451371419,-4.27821087
19.6,0,87,-4.21158105,-4.752017752,,19.6,90,87,-4.047873919,-4.00358928
19.6,0,88,-4.826783698,-4.599281309,,19.6,90,88,-4.777650883,-3.90575658
19.6,0,89,-5.44499274,-4.567131532,,19.6,90,89,-5.487802238,-3.945978129
19.6,0,90,-5.875146701,-4.652753586,,19.6,90,90,-5.993188823,-4.067942551
19.6,0,91,-5.997598325,-4.838884366,,19.6,90,91,-6.203287313,-4.223576207
19.6,0,92,-5.88096376,-5.109657805,,19.6,90,92,-6.213066285,-4.40664233
19.6,0,93,-5.732108654,-5.46795835,,19.6,90,93,-6.225272596,-4.668802664
19.6,0,94,-5.758493208,-5.939605004,,19.6,90,94,-6.418076407,-5.10136299
19.6,0,95,-6.104261613,-6.552675817,,19.6,90,95,-6.890309845,-5.793995151
19.6,0,96,-6.856258294,-7.289589112,,19.6,90,96,-7.659686309,-6.782156456
19.6,0,97,-8.056671098,-8.022437152,,19.6,90,97,-8.661083477,-7.966239954
19.6,0,98,-9.68108273,-8.497951494,,19.6,90,98,-9.743090531,-9.011266217
19.6,0,99,-11.54693115,-8.516365509,,19.6,90,99,-10.71980535,-9.470416071
19.6,0,100,-13.19654276,-8.195105767,,19.6,90,100,-11.51777773,-9.326761422
19.6,0,101,-14.1599877,-7.891206439,,19.6,90,101,-12.26991878,-9.07448355
19.6,0,102,-14.63573737,-7.931619797,,19.6,90,102,-13.18893964,-9.164858675
19.6,0,103,-15.26139122,-8.526731601,,19.6,90,103,-14.32538193,-9.768131936
19.6,0,104,-16.34329195,-9.800097445,,19.6,90,104,-15.32393328,-10.75015002
19.6,0,105,-17.37742718,-11.75338175,,19.6,90,105,-15.51839486,-11.58770244
19.6,0,106,-17.11012461,-13.94865966,,19.6,90,106,-14.89239676,-11.69214357
19.6,0,107,-15.70557829,-15.07021039,,19.6,90,107,-14.20756809,-11.29190087
19.6,0,108,-14.55994746,-14.65140076,,19.6,90,108,-14.0346734,-11.14955407
19.6,0,109,-14.37939283,-14.13420698,,19.6,90,109,-14.5713588,-11.79004397
19.6,0,110,-15.41652283,-14.48548956,,19.6,90,110,-15.83034356,-13.5056513
19.6,0,111,-17.8344779,-16.05793534,,19.6,90,111,-17.77030052,-16.5671945
19.6,0,112,-21.32092994,-19.26953942,,19.6,90,112,-20.49720276,-21.42231397
19.6,0,113,-22.95033707,-25.73002575,,19.6,90,113,-24.51843893,-29.65182264
19.6,0,114,-21.51794401,-35.42031882,,19.6,90,114,-27.36664584,-36.92786153
19.6,0,115,-20.11287253,-22.23367276,,19.6,90,115,-22.50636049,-24.36606045
19.6,0,116,-18.76744003,-17.00168047,,19.6,90,116,-18.47735098,-18.66185129
19.6,0,117,-17.14670011,-14.2462106,,19.6,90,117,-16.35813474,-15.40939014
19.6,0,118,-15.89895874,-13.16909522,,19.6,90,118,-15.5212807,-13.80839327
19.6,0,119,-15.58049493,-13.62347207,,19.6,90,119,-15.44810502,-13.47158072
19.6,0,120,-16.35575368,-15.36463844,,19.6,90,120,-15.96421596,-14.00659266
19.6,0,121,-18.46181415,-16.63721854,,19.6,90,121,-17.72020053,-14.80575189
19.6,0,122,-23.34521659,-15.29016013,,19.6,90,122,-22.6972235,-15.1750317
19.6,0,123,-32.83696909,-13.69386207,,19.6,90,123,-26.21196294,-15.09197086
19.6,0,124,-20.61691951,-13.46897794,,19.6,90,124,-18.14415273,-15.47426546
19.6,0,125,-16.32067964,-15.03486315,,19.6,90,125,-15.35062385,-17.81148606
19.6,0,126,-15.95488119,-19.2632187,,19.6,90,126,-16.34373602,-25.96665484
19.6,0,127,-19.85049575,-25.23213016,,19.6,90,127,-22.3739726,-23.45245503
19.6,0,128,-36.34444016,-19.84624645,,19.6,90,128,-25.19714586,-16.49651009
19.6,0,129,-21.26759829,-17.47563892,,19.6,90,129,-18.21095208,-15.46310409
19.6,0,130,-18.1724998,-18.82186384,,19.6,90,130,-16.68863604,-18.47925178
19.6,0,131,-19.22069333,-18.71022682,,19.6,90,131,-17.43201052,-19.8473399
19.6,0,132,-22.4184168,-15.15224012,,19.6,90,132,-19.54488632,-15.96359275
19.6,0,133,-30.36173595,-14.12040234,,19.6,90,133,-25.16440461,-15.44396274
19.6,0,134,-27.94247798,-16.06297389,,19.6,90,134,-22.31587226,-17.66718382
19.6,0,135,-19.74267172,-20.00610447,,19.6,90,135,-17.61896479,-19.4406998
19.6,0,136,-19.32247862,-23.03707009,,19.6,90,136,-19.06911252,-20.26933083
19.6,0,137,-23.15560695,-18.07953661,,19.6,90,137,-26.53638618,-17.22377412
19.6,0,138,-19.66866199,-13.45238886,,19.6,90,138,-20.557133,-13.62062012
19.6,0,139,-18.46292678,-11.82874999,,19.6,90,139,-20.77224227,-12.38144947
19.6,0,140,-24.54760328,-11.05900444,,19.6,90,140,-27.95337313,-10.71609919
19.6,0,141,-27.85550351,-10.01086559,,19.6,90,141,-21.87040629,-9.024612002
19.6,0,142,-23.85129192,-10.8941455,,19.6,90,142,-25.40331549,-10.14060675
19.6,0,143,-20.61484943,-15.49468071,,19.6,90,143,-19.71907213,-15.30148864
19.6,0,144,-17.28832811,-22.40807402,,19.6,90,144,-15.24109143,-21.2695358
19.6,0,145,-20.36265597,-18.92822671,,19.6,90,145,-19.41913721,-17.65771476
19.6,0,146,-34.03811648,-12.90907768,,19.6,90,146,-28.05041507,-11.64243501
19.6,0,147,-24.21951684,-10.55790011,,19.6,90,147,-19.59936868,-9.787506736
19.6,0,148,-26.31610671,-11.7160613,,19.6,90,148,-30.82404626,-12.11019594
19.6,0,149,-18.55617414,-13.78582386,,19.6,90,149,-18.79377908,-15.06759422
19.6,0,150,-19.1601811,-13.72322625,,19.6,90,150,-18.3791212,-15.63912432
19.6,0,151,-27.84412914,-11.4022802,,19.6,90,151,-30.49593597,-13.04696939
19.6,0,152,-23.21010215,-10.75489264,,19.6,90,152,-21.22535608,-11.28896196
19.6,0,153,-21.9916584,-15.51929016,,19.6,90,153,-39.81041099,-16.47023041
19.6,0,154,-16.02145873,-27.92619253,,19.6,90,154,-18.54034931,-24.06309854
19.6,0,155,-18.16455841,-30.71995037,,19.6,90,155,-18.7528604,-19.7347369
19.6,0,156,-19.70437566,-22.10671312,,19.6,90,156,-22.20754089,-30.18490375
19.6,0,157,-15.77353235,-20.35280428,,19.6,90,157,-17.86789076,-21.32322047
19.6,0,158,-18.78488853,-12.66379294,,19.6,90,158,-28.61882665,-12.5777006
19.6,0,159,-17.25035742,-7.294448092,,19.6,90,159,-19.06959199,-7.348036835
19.6,0,160,-22.32726373,-7.880440964,,19.6,90,160,-24.73694088,-7.732003628
19.6,0,161,-13.38055475,-12.0502314,,19.6,90,161,-13.62577437,-12.0189372
19.6,0,162,-11.66203963,-13.45922033,,19.6,90,162,-11.74366836,-13.12690268
19.6,0,163,-18.29481023,-8.278310434,,19.6,90,163,-20.95991823,-8.126257833
19.6,0,164,-23.00950303,-6.323630624,,19.6,90,164,-24.27765233,-6.328281355
19.6,0,165,-20.85444875,-11.05095876,,19.6,90,165,-25.10166825,-10.80805458
19.6,0,166,-12.0434464,-33.42700635,,19.6,90,166,-12.97044814,-21.10255413
19.6,0,167,-15.17749166,-19.99742044,,19.6,90,167,-15.75761997,-15.4411406
19.6,0,168,-25.98684184,-11.66778078,,19.6,90,168,-23.27850439,-10.74749838
19.6,0,169,-21.07813469,-12.3174104,,19.6,90,169,-17.15707062,-12.1948464
19.6,0,170,-20.40762902,-13.42587979,,19.6,90,170,-19.68472395,-13.4053215
19.6,0,171,-15.53580846,-9.961698074,,19.6,90,171,-15.56568027,-9.571959019
19.6,0,172,-27.83266253,-13.95522203,,19.6,90,172,-26.22816244,-11.76692892
19.6,0,173,-13.42431124,-14.5791912,,19.6,90,173,-13.35869321,-12.65264621
19.6,0,174,-22.66571953,-12.17694772,,19.6,90,174,-17.73478193,-12.33455192
19.6,0,175,-14.00632475,-6.984187765,,19.6,90,175,-14.5887519,-7.316457419
19.6,0,176,-17.04248215,-9.820616285,,19.6,90,176,-17.86676895,-10.04082661
19.6,0,177,-14.45357181,-14.97431589,,19.6,90,177,-14.49861646,-12.62714255
19.6,0,178,-9.72397143,-18.3937008,,19.6,90,178,-9.399293134,-14.7374488
19.6,0,179,-18.17325968,-4.37063649,,19.6,90,179,-15.0694997,-4.322177231
19.6,0,180,-27.23133464,-0.571748784,,19.6,90,180,-27.23133464,-0.571748784
