CaseIndex,Scenario,ModType,ChannelCoding,Rate,NumBytesInTransferFrame,NumBitsInInformationBlock,IsLDPCOnSMTF,TPCBlocksPerTF,HEnabled,EqualizerEnabled,NormalizeHChannel,NormalizeEqualizerOutput,BER,LockRate_pct,FER,CountedFrames,MatchedFrames,FrameDuration_s,MatchedDuration_s,CountedDuration_s,EVM_post_pct,MER_dB,SNR_est_dB,ResidualCFO_Hz,HGain_dB,HNormalizationGain_dB,HMeanCoeffMagnitude,HOutOfRangeMode,HSourceDuration_s,WaveformDuration_s,ExceedsHDuration,NoisePlacement,NoiseMode,NoisePSD_dBmHz,NoiseBandwidthHz,NoisePower_dBm,NoiseEquivalentSNR_dB,EqualizerMode,GMSKDetectorUsed,Success,Status,ErrorMessage,Runtime_s,TestStage,ImpairmentProfile,InputCFO_Hz,InputPhase_deg,InputDelay,ExpectedCountedFrames,UnlockedFrames,BadMatchedFrames,EffectiveFailedFrames,EffectiveFER_pct,GoodFrames,ExceedsTrustedOneSecond
1,NoH_baseline,GMSK,none,none,1115,NaN,0,NaN,0,0,0,0,0,100,0,37,39,0.000446,0.017394,0.016502,3.71970201848828,28.5898369921987,28.5898369921987,NaN,0,NaN,NaN,,NaN,NaN,0,afterChannel,snr,NaN,NaN,NaN,NaN,,official,1,OK,,2.2679395,all-h,baseline,0,0,0,37,0,0,0,0,37,0
2,NoH_baseline,GMSK,convolutional,1/2,1115,NaN,0,NaN,0,0,0,0,0,100,0,36,38,0.000892,0.033896,0.032112,3.73306439239453,28.5586903754871,28.5586903754871,NaN,0,NaN,NaN,,NaN,NaN,0,afterChannel,snr,NaN,NaN,NaN,NaN,,official,1,OK,,3.1803716,all-h,baseline,0,0,0,36,0,0,0,0,36,0
3,NoH_baseline,GMSK,convolutional,2/3,1115,NaN,0,NaN,0,0,0,0,0,100,0,36,38,0.000669,0.025422,0.024084,3.74501344234172,28.5309323821241,28.5309323821241,NaN,0,NaN,NaN,,NaN,NaN,0,afterChannel,snr,NaN,NaN,NaN,NaN,,official,1,OK,,2.5663047,all-h,baseline,0,0,0,36,0,0,0,0,36,0
4,NoH_baseline,GMSK,convolutional,3/4,1115,NaN,0,NaN,0,0,0,0,0,100,0,36,38,0.000594666666666667,0.0225973333333333,0.021408,3.76344642846721,28.4882852327518,28.4882852327518,NaN,0,NaN,NaN,,NaN,NaN,0,afterChannel,snr,NaN,NaN,NaN,NaN,,official,1,OK,,2.2713516,all-h,baseline,0,0,0,36,0,0,0,0,36,0
5,NoH_baseline,GMSK,convolutional,5/6,1116,NaN,0,NaN,0,0,0,0,0,100,0,36,38,0.00053568,0.02035584,0.01928448,3.73208763508388,28.5609633382401,28.5609633382401,NaN,0,NaN,NaN,,NaN,NaN,0,afterChannel,snr,NaN,NaN,NaN,NaN,,official,1,OK,,2.2417256,all-h,baseline,0,0,0,36,0,0,0,0,36,0
6,NoH_baseline,GMSK,convolutional,7/8,1123,NaN,0,NaN,0,0,0,0,0,100,0,36,38,0.000513371428571429,0.0195081142857143,0.0184813714285714,3.72731538219624,28.5720771679839,28.5720771679839,NaN,0,NaN,NaN,,NaN,NaN,0,afterChannel,snr,NaN,NaN,NaN,NaN,,official,1,OK,,2.0741737,all-h,baseline,0,0,0,36,0,0,0,0,36,0
7,NoH_baseline,GMSK,LDPC,1/2,1115,1024,0,NaN,0,0,0,0,0,100,0,37,39,0.000892,0.034788,0.033004,3.72859282646555,28.5691008062208,28.5691008062208,NaN,0,NaN,NaN,,NaN,NaN,0,afterChannel,snr,NaN,NaN,NaN,NaN,,official,1,OK,,0.9476874,all-h,baseline,0,0,0,37,0,0,0,0,37,0
8,NoH_baseline,GMSK,LDPC,2/3,1115,1024,0,NaN,0,0,0,0,0,100,0,37,39,0.000669,0.026091,0.024753,3.73865224637835,28.5456985840656,28.5456985840656,NaN,0,NaN,NaN,,NaN,NaN,0,afterChannel,snr,NaN,NaN,NaN,NaN,,official,1,OK,,0.6780424,all-h,baseline,0,0,0,37,0,0,0,0,37,0
9,NoH_baseline,GMSK,LDPC,4/5,1115,1024,0,NaN,0,0,0,0,0,100,0,37,39,0.0005575,0.0217425,0.0206275,3.72640902750757,28.5741895339381,28.5741895339381,NaN,0,NaN,NaN,,NaN,NaN,0,afterChannel,snr,NaN,NaN,NaN,NaN,,official,1,OK,,0.5716165,all-h,baseline,0,0,0,37,0,0,0,0,37,0
10,NoH_baseline,GMSK,LDPC,7/8,1115,7136,0,NaN,0,0,0,0,0,100,0,37,39,0.000509714285714286,0.0198788571428571,0.0188594285714286,3.71109477248612,28.6099590933412,28.6099590933412,NaN,0,NaN,NaN,,NaN,NaN,0,afterChannel,snr,NaN,NaN,NaN,NaN,,official,1,OK,,3.1283444,all-h,baseline,0,0,0,37,0,0,0,0,37,0
11,NoH_baseline,GMSK,Turbo,1/2,1115,1784,0,NaN,0,0,0,0,0,100,0,37,39,0.000892,0.034788,0.033004,3.72067102680581,28.5875745520494,28.5875745520494,NaN,0,NaN,NaN,,NaN,NaN,0,afterChannel,snr,NaN,NaN,NaN,NaN,,official,1,OK,,1.7525025,all-h,baseline,0,0,0,37,0,0,0,0,37,0
12,NoH_baseline,GMSK,Turbo,1/3,1115,1784,0,NaN,0,0,0,0,0,100,0,37,39,0.001338,0.052182,0.049506,3.73069497526911,28.56420515573,28.56420515573,NaN,0,NaN,NaN,,NaN,NaN,0,afterChannel,snr,NaN,NaN,NaN,NaN,,official,1,OK,,1.949546,all-h,baseline,0,0,0,37,0,0,0,0,37,0
13,NoH_baseline,GMSK,Turbo,1/4,1115,1784,0,NaN,0,0,0,0,0,100,0,37,39,0.001784,0.069576,0.066008,3.7311977753176,28.563034603999,28.563034603999,NaN,0,NaN,NaN,,NaN,NaN,0,afterChannel,snr,NaN,NaN,NaN,NaN,,official,1,OK,,2.1923646,all-h,baseline,0,0,0,37,0,0,0,0,37,0
14,NoH_baseline,GMSK,Turbo,1/6,1115,1784,0,NaN,0,0,0,0,0,100,0,37,39,0.002676,0.104364,0.099012,3.75281840649738,28.5128489993173,28.5128489993173,NaN,0,NaN,NaN,,NaN,NaN,0,afterChannel,snr,NaN,NaN,NaN,NaN,,official,1,OK,,2.5570825,all-h,baseline,0,0,0,37,0,0,0,0,37,0
15,NoH_baseline,GMSK,TPC,1/2_x8,1024,NaN,0,8,0,0,0,0,0,100,0,37,39,0.0008192,0.0319488,0.0303104,3.7296871814914,28.566551841302,28.566551841302,NaN,0,NaN,NaN,,NaN,NaN,0,afterChannel,snr,NaN,NaN,NaN,NaN,,official,1,OK,,198.5642606,all-h,baseline,0,0,0,37,0,0,0,0,37,0
16,NoH_baseline,GMSK,TPC,2/3_x4,1352,NaN,0,4,0,0,0,0,0,100,0,37,39,0.0008112,0.0316368,0.0300144,3.73564437780367,28.5526894802554,28.5526894802554,NaN,0,NaN,NaN,,NaN,NaN,0,afterChannel,snr,NaN,NaN,NaN,NaN,,official,1,OK,,135.8020095,all-h,baseline,0,0,0,37,0,0,0,0,37,0
17,H_EQ_rawGain_default_ChannelData,GMSK,none,none,1115,NaN,0,NaN,1,1,0,1,0,100,0,37,39,0.000446,0.017394,0.016502,3.79464884320496,28.4165681503875,28.4165681503875,NaN,16.3019610834679,1.92865493310657e-15,6.0405964252986,error,10,0.017904,0,afterChannel,snr,NaN,NaN,NaN,NaN,mmse,official,1,OK,,4.1745037,all-h,baseline,0,0,0,37,0,0,0,0,37,0
18,H_EQ_rawGain_default_ChannelData,GMSK,convolutional,1/2,1115,NaN,0,NaN,1,1,0,1,0,100,0,36,38,0.000892,0.033896,0.032112,3.70782449557856,28.6176166146373,28.6176166146373,NaN,17.1448430738708,1.92865493310657e-15,6.43488121895885,error,10,0.035808,0,afterChannel,snr,NaN,NaN,NaN,NaN,mmse,official,1,OK,,7.4875968,all-h,baseline,0,0,0,36,0,0,0,0,36,0
19,H_EQ_rawGain_default_ChannelData,GMSK,convolutional,2/3,1115,NaN,0,NaN,1,1,0,1,0,100,0,36,38,0.000669,0.025422,0.024084,3.76675173574359,28.4806600586354,28.4806600586354,NaN,15.9474426690022,1.92865493310657e-15,5.75870095386115,error,10,0.026856,0,afterChannel,snr,NaN,NaN,NaN,NaN,mmse,official,1,OK,,5.975575,all-h,baseline,0,0,0,36,0,0,0,0,36,0
20,H_EQ_rawGain_default_ChannelData,GMSK,convolutional,3/4,1115,NaN,0,NaN,1,1,0,1,0,100,0,36,38,0.000594666666666667,0.0225973333333333,0.021408,3.76275701856048,28.4898765100602,28.4898765100602,NaN,16.1323808442305,1.92865493310657e-15,5.86832223523122,error,10,0.023872,0,afterChannel,snr,NaN,NaN,NaN,NaN,mmse,official,1,OK,,5.3674475,all-h,baseline,0,0,0,36,0,0,0,0,36,0
21,H_EQ_rawGain_default_ChannelData,GMSK,convolutional,5/6,1116,NaN,0,NaN,1,1,0,1,0,100,0,36,38,0.00053568,0.02035584,0.01928448,4.31077009737376,27.3089027677164,27.3089027677164,NaN,16.4257973417965,1.92865493310657e-15,6.13196143267201,error,10,0.021504,0,afterChannel,snr,NaN,NaN,NaN,NaN,mmse,official,1,OK,,5.0876399,all-h,baseline,0,0,0,36,0,0,0,0,36,0
22,H_EQ_rawGain_default_ChannelData,GMSK,convolutional,7/8,1123,NaN,0,NaN,1,1,0,1,0,100,0,36,38,0.000513371428571429,0.0195081142857143,0.0184813714285714,3.73115175168331,28.5631417435016,28.5631417435016,NaN,16.5293509973349,1.92865493310657e-15,6.21585051123339,error,10,0.020608,0,afterChannel,snr,NaN,NaN,NaN,NaN,mmse,official,1,OK,,4.8270544,all-h,baseline,0,0,0,36,0,0,0,0,36,0
23,H_EQ_rawGain_default_ChannelData,GMSK,LDPC,1/2,1115,1024,0,NaN,1,1,0,1,0,100,0,37,39,0.000892,0.034788,0.033004,4.03549381469351,27.8820662801796,27.8820662801796,NaN,16.1923286757519,1.92865493310657e-15,5.97859478159267,error,10,0.004224,0,afterChannel,snr,NaN,NaN,NaN,NaN,mmse,official,1,OK,,2.1071319,all-h,baseline,0,0,0,37,0,0,0,0,37,0
24,H_EQ_rawGain_default_ChannelData,GMSK,LDPC,2/3,1115,1024,0,NaN,1,1,0,1,0,100,0,37,39,0.000669,0.026091,0.024753,3.76299473614291,28.4893277838322,28.4893277838322,NaN,17.065238764849,1.92865493310657e-15,6.80453738226378,error,10,0.0032,0,afterChannel,snr,NaN,NaN,NaN,NaN,mmse,official,1,OK,,1.5064229,all-h,baseline,0,0,0,37,0,0,0,0,37,0
25,H_EQ_rawGain_default_ChannelData,GMSK,LDPC,4/5,1115,1024,0,NaN,1,1,0,1,0,100,0,37,39,0.0005575,0.0217425,0.0206275,3.68369306425585,28.6743312722905,28.6743312722905,NaN,16.8842996824842,1.92865493310657e-15,6.61459391367498,error,10,0.002688,0,afterChannel,snr,NaN,NaN,NaN,NaN,mmse,official,1,OK,,1.2511329,all-h,baseline,0,0,0,37,0,0,0,0,37,0
26,H_EQ_rawGain_default_ChannelData,GMSK,LDPC,7/8,1115,7136,0,NaN,1,1,0,1,0,100,0,37,39,0.000509714285714286,0.0198788571428571,0.0188594285714286,3.6713883451777,28.703393501707,28.703393501707,NaN,15.9360647501785,1.92865493310657e-15,5.79369522625314,error,10,0.016384,0,afterChannel,snr,NaN,NaN,NaN,NaN,mmse,official,1,OK,,7.9947492,all-h,baseline,0,0,0,37,0,0,0,0,37,0
27,H_EQ_rawGain_default_ChannelData,GMSK,Turbo,1/2,1115,1784,0,NaN,1,1,0,1,0,100,0,37,39,0.000892,0.034788,0.033004,3.73893232565015,28.5450479093397,28.5450479093397,NaN,15.9897475699092,1.92865493310657e-15,6.00800571325372,error,10,0.00728,0,afterChannel,snr,NaN,NaN,NaN,NaN,mmse,official,1,OK,,3.6885603,all-h,baseline,0,0,0,37,0,0,0,0,37,0
28,H_EQ_rawGain_default_ChannelData,GMSK,Turbo,1/3,1115,1784,0,NaN,1,1,0,1,0,100,0,37,39,0.001338,0.052182,0.049506,6.09505141679581,24.3004525279456,24.3004525279456,NaN,15.6706876396315,1.92865493310657e-15,5.70189079929047,error,10,0.01092,0,afterChannel,snr,NaN,NaN,NaN,NaN,mmse,official,1,OK,,4.282397,all-h,baseline,0,0,0,37,0,0,0,0,37,0
29,H_EQ_rawGain_default_ChannelData,GMSK,Turbo,1/4,1115,1784,0,NaN,1,1,0,1,0,100,0,37,39,0.001784,0.069576,0.066008,4.5152347761519,26.9063932598937,26.9063932598937,NaN,15.9988176058618,1.92865493310657e-15,5.85918722031439,error,10,0.01456,0,afterChannel,snr,NaN,NaN,NaN,NaN,mmse,official,1,OK,,4.8593701,all-h,baseline,0,0,0,37,0,0,0,0,37,0
30,H_EQ_rawGain_default_ChannelData,GMSK,Turbo,1/6,1115,1784,0,NaN,1,1,0,1,0,100,0,37,39,0.002676,0.104364,0.099012,5.86030644534197,24.6415934678932,24.6415934678932,NaN,16.3615371987869,1.92865493310657e-15,6.05893647862903,error,10,0.02184,0,afterChannel,snr,NaN,NaN,NaN,NaN,mmse,official,1,OK,,5.9462862,all-h,baseline,0,0,0,37,0,0,0,0,37,0
31,H_EQ_rawGain_default_ChannelData,GMSK,TPC,1/2_x8,1024,NaN,0,8,1,1,0,1,0,100,0,37,39,0.0008192,0.0319488,0.0303104,3.89571452079644,28.188257517313,28.188257517313,NaN,18.532528837134,1.92865493310657e-15,7.40981636923552,error,10,0.0654288,0,afterChannel,snr,NaN,NaN,NaN,NaN,mmse,official,1,OK,,175.250519,all-h,baseline,0,0,0,37,0,0,0,0,37,0
32,H_EQ_rawGain_default_ChannelData,GMSK,TPC,2/3_x4,1352,NaN,0,4,1,1,0,1,0,100,0,37,39,0.0008112,0.0316368,0.0300144,3.65917007914336,28.7323480785553,28.7323480785553,NaN,16.2518659862804,1.92865493310657e-15,5.95148168078126,error,10,0.0328176,0,afterChannel,snr,NaN,NaN,NaN,NaN,mmse,official,1,OK,,41.8667654,all-h,baseline,0,0,0,37,0,0,0,0,37,0
33,H_EQ_rawGain_std2_likely_TDL,GMSK,none,none,1115,NaN,0,NaN,1,1,0,1,0,100,0,37,39,0.000446,0.017394,0.016502,3.79191473308709,28.4228287397918,28.4228287397918,NaN,14.7583332980081,1.92865493310657e-15,5.26393696534763,error,10,0.017904,0,afterChannel,snr,NaN,NaN,NaN,NaN,mmse,official,1,OK,,2.2933493,all-h,baseline,0,0,0,37,0,0,0,0,37,0
34,H_EQ_rawGain_std2_likely_TDL,GMSK,convolutional,1/2,1115,NaN,0,NaN,1,1,0,1,0,100,0,36,38,0.000892,0.033896,0.032112,3.81437575410908,28.3715305367701,28.3715305367701,NaN,16.3044241641523,1.92865493310657e-15,5.92784786775793,error,10,0.035808,0,afterChannel,snr,NaN,NaN,NaN,NaN,mmse,official,1,OK,,3.9597615,all-h,baseline,0,0,0,36,0,0,0,0,36,0
35,H_EQ_rawGain_std2_likely_TDL,GMSK,convolutional,2/3,1115,NaN,0,NaN,1,1,0,1,0,100,0,36,38,0.000669,0.025422,0.024084,3.89736109671282,28.1845870853539,28.1845870853539,NaN,15.0956798891421,1.92865493310657e-15,5.34509786088241,error,10,0.026856,0,afterChannel,snr,NaN,NaN,NaN,NaN,mmse,official,1,OK,,3.2058886,all-h,baseline,0,0,0,36,0,0,0,0,36,0
36,H_EQ_rawGain_std2_likely_TDL,GMSK,convolutional,3/4,1115,NaN,0,NaN,1,1,0,1,0,100,0,36,38,0.000594666666666667,0.0225973333333333,0.021408,4.2496712012575,27.4328934037159,27.4328934037159,NaN,14.9987145227978,1.92865493310657e-15,5.28244824745131,error,10,0.023872,0,afterChannel,snr,NaN,NaN,NaN,NaN,mmse,official,1,OK,,2.9474209,all-h,baseline,0,0,0,36,0,0,0,0,36,0
37,H_EQ_rawGain_std2_likely_TDL,GMSK,convolutional,5/6,1116,NaN,0,NaN,1,1,0,1,0,100,0,36,38,0.00053568,0.02035584,0.01928448,3.69335940650557,28.6515685685223,28.6515685685223,NaN,15.2353635443599,1.92865493310657e-15,5.44588706466916,error,10,0.021504,0,afterChannel,snr,NaN,NaN,NaN,NaN,mmse,official,1,OK,,2.7742622,all-h,baseline,0,0,0,36,0,0,0,0,36,0
38,H_EQ_rawGain_std2_likely_TDL,GMSK,convolutional,7/8,1123,NaN,0,NaN,1,1,0,1,0,100,0,36,38,0.000513371428571429,0.0195081142857143,0.0184813714285714,3.66240158578457,28.7246807324833,28.7246807324833,NaN,15.0147326475902,1.92865493310657e-15,5.31776710732109,error,10,0.020608,0,afterChannel,snr,NaN,NaN,NaN,NaN,mmse,official,1,OK,,2.6825184,all-h,baseline,0,0,0,36,0,0,0,0,36,0
39,H_EQ_rawGain_std2_likely_TDL,GMSK,LDPC,1/2,1115,1024,0,NaN,1,1,0,1,0,100,0,37,39,0.000892,0.034788,0.033004,3.88728849879565,28.2070645319309,28.2070645319309,NaN,13.0128944238342,1.92865493310657e-15,4.27210033674443,error,10,0.004224,0,afterChannel,snr,NaN,NaN,NaN,NaN,mmse,official,1,OK,,1.0993565,all-h,baseline,0,0,0,37,0,0,0,0,37,0
40,H_EQ_rawGain_std2_likely_TDL,GMSK,LDPC,2/3,1115,1024,0,NaN,1,1,0,1,0,100,0,37,39,0.000669,0.026091,0.024753,3.83028613898025,28.335375622777,28.335375622777,NaN,13.8887760148943,1.92865493310657e-15,4.85831690142154,error,10,0.0032,0,afterChannel,snr,NaN,NaN,NaN,NaN,mmse,official,1,OK,,0.8177434,all-h,baseline,0,0,0,37,0,0,0,0,37,0
41,H_EQ_rawGain_std2_likely_TDL,GMSK,LDPC,4/5,1115,1024,0,NaN,1,1,0,1,0,100,0,37,39,0.0005575,0.0217425,0.0206275,3.7392661680672,28.5442723967893,28.5442723967893,NaN,14.1922263550915,1.92865493310657e-15,5.04741216053543,error,10,0.002688,0,afterChannel,snr,NaN,NaN,NaN,NaN,mmse,official,1,OK,,0.6831739,all-h,baseline,0,0,0,37,0,0,0,0,37,0
42,H_EQ_rawGain_std2_likely_TDL,GMSK,LDPC,7/8,1115,7136,0,NaN,1,1,0,1,0,100,0,37,39,0.000509714285714286,0.0198788571428571,0.0188594285714286,3.7017759257812,28.631797466076,28.631797466076,NaN,14.6036265104463,1.92865493310657e-15,5.16359321387845,error,10,0.016384,0,afterChannel,snr,NaN,NaN,NaN,NaN,mmse,official,1,OK,,3.6140916,all-h,baseline,0,0,0,37,0,0,0,0,37,0
43,H_EQ_rawGain_std2_likely_TDL,GMSK,Turbo,1/2,1115,1784,0,NaN,1,1,0,1,0,100,0,37,39,0.000892,0.034788,0.033004,3.73081585040456,28.5639237360253,28.5639237360253,NaN,13.7834725281215,1.92865493310657e-15,4.71910366406669,error,10,0.00728,0,afterChannel,snr,NaN,NaN,NaN,NaN,mmse,official,1,OK,,1.986683,all-h,baseline,0,0,0,37,0,0,0,0,37,0
44,H_EQ_rawGain_std2_likely_TDL,GMSK,Turbo,1/3,1115,1784,0,NaN,1,1,0,1,0,100,0,37,39,0.001338,0.052182,0.049506,4.06874885827463,27.8107823190884,27.8107823190884,NaN,13.5900989861902,1.92865493310657e-15,4.62230373816195,error,10,0.01092,0,afterChannel,snr,NaN,NaN,NaN,NaN,mmse,official,1,OK,,2.308221,all-h,baseline,0,0,0,37,0,0,0,0,37,0
45,H_EQ_rawGain_std2_likely_TDL,GMSK,Turbo,1/4,1115,1784,0,NaN,1,1,0,1,0,100,0,37,39,0.001784,0.069576,0.066008,3.72113200462187,28.5864984680885,28.5864984680885,NaN,14.4629532104659,1.92865493310657e-15,5.05988054978469,error,10,0.01456,0,afterChannel,snr,NaN,NaN,NaN,NaN,mmse,official,1,OK,,2.6520902,all-h,baseline,0,0,0,37,0,0,0,0,37,0
46,H_EQ_rawGain_std2_likely_TDL,GMSK,Turbo,1/6,1115,1784,0,NaN,1,1,0,1,0,100,0,37,39,0.002676,0.104364,0.099012,3.77166403228911,28.4693399953712,28.4693399953712,NaN,15.2348645123698,1.92865493310657e-15,5.45042250931876,error,10,0.02184,0,afterChannel,snr,NaN,NaN,NaN,NaN,mmse,official,1,OK,,3.236814,all-h,baseline,0,0,0,37,0,0,0,0,37,0
47,H_EQ_rawGain_std2_likely_TDL,GMSK,TPC,1/2_x8,1024,NaN,0,8,1,1,0,1,0,100,0,37,39,0.0008192,0.0319488,0.0303104,3.69155283174909,28.6558182356177,28.6558182356177,NaN,18.1243468504147,1.92865493310657e-15,7.20582386936216,error,10,0.0654288,0,afterChannel,snr,NaN,NaN,NaN,NaN,mmse,official,1,OK,,80.5659964,all-h,baseline,0,0,0,37,0,0,0,0,37,0
48,H_EQ_rawGain_std2_likely_TDL,GMSK,TPC,2/3_x4,1352,NaN,0,4,1,1,0,1,0,100,0,37,39,0.0008112,0.0316368,0.0300144,3.6700206137281,28.7066299280196,28.7066299280196,NaN,15.5393202523076,1.92865493310657e-15,5.53931100126636,error,10,0.0328176,0,afterChannel,snr,NaN,NaN,NaN,NaN,mmse,official,1,OK,,41.7813805,all-h,baseline,0,0,0,37,0,0,0,0,37,0
49,H_EQ_rawGain_std3_likely_CDL,GMSK,none,none,1115,NaN,0,NaN,1,1,0,1,0,100,0,37,39,0.000446,0.017394,0.016502,3.88396798621453,28.214487168832,28.214487168832,NaN,16.1007425880782,1.92865493310657e-15,5.85082815244608,error,10,0.017904,0,afterChannel,snr,NaN,NaN,NaN,NaN,mmse,official,1,OK,,2.3281319,all-h,baseline,0,0,0,37,0,0,0,0,37,0
50,H_EQ_rawGain_std3_likely_CDL,GMSK,convolutional,1/2,1115,NaN,0,NaN,1,1,0,1,0,100,0,36,38,0.000892,0.033896,0.032112,3.70971026784914,28.6132001580382,28.6132001580382,NaN,16.4378350376663,1.92865493310657e-15,5.88142990639879,error,10,0.035808,0,afterChannel,snr,NaN,NaN,NaN,NaN,mmse,official,1,OK,,4.0015168,all-h,baseline,0,0,0,36,0,0,0,0,36,0
51,H_EQ_rawGain_std3_likely_CDL,GMSK,convolutional,2/3,1115,NaN,0,NaN,1,1,0,1,0,100,0,36,38,0.000669,0.025422,0.024084,4.44488237591088,27.0427945439034,27.0427945439034,NaN,15.7181600047366,1.92865493310657e-15,5.59892212816039,error,10,0.026856,0,afterChannel,snr,NaN,NaN,NaN,NaN,mmse,official,1,OK,,3.222342,all-h,baseline,0,0,0,36,0,0,0,0,36,0
52,H_EQ_rawGain_std3_likely_CDL,GMSK,convolutional,3/4,1115,NaN,0,NaN,1,1,0,1,0,100,0,36,38,0.000594666666666667,0.0225973333333333,0.021408,3.9027809502416,28.1725164699989,28.1725164699989,NaN,15.8283751547981,1.92865493310657e-15,5.66713878823609,error,10,0.023872,0,afterChannel,snr,NaN,NaN,NaN,NaN,mmse,official,1,OK,,2.999217,all-h,baseline,0,0,0,36,0,0,0,0,36,0
53,H_EQ_rawGain_std3_likely_CDL,GMSK,convolutional,5/6,1116,NaN,0,NaN,1,1,0,1,0,100,0,36,38,0.00053568,0.02035584,0.01928448,3.94876216310195,28.070780467143,28.070780467143,NaN,16.0175891807929,1.92865493310657e-15,5.77874163482803,error,10,0.021504,0,afterChannel,snr,NaN,NaN,NaN,NaN,mmse,official,1,OK,,2.7624233,all-h,baseline,0,0,0,36,0,0,0,0,36,0
54,H_EQ_rawGain_std3_likely_CDL,GMSK,convolutional,7/8,1123,NaN,0,NaN,1,1,0,1,0,100,0,36,38,0.000513371428571429,0.0195081142857143,0.0184813714285714,4.07354951097665,27.8005400158711,27.8005400158711,NaN,16.1480006204231,1.92865493310657e-15,5.8798354265235,error,10,0.020608,0,afterChannel,snr,NaN,NaN,NaN,NaN,mmse,official,1,OK,,2.6797606,all-h,baseline,0,0,0,36,0,0,0,0,36,0
55,H_EQ_rawGain_std3_likely_CDL,GMSK,LDPC,1/2,1115,1024,0,NaN,1,1,0,1,0,100,0,37,39,0.000892,0.034788,0.033004,3.98133630993724,27.999422706138,27.999422706138,NaN,14.5327132497415,1.92865493310657e-15,5.09707136134224,error,10,0.004224,0,afterChannel,snr,NaN,NaN,NaN,NaN,mmse,official,1,OK,,1.0940593,all-h,baseline,0,0,0,37,0,0,0,0,37,0
56,H_EQ_rawGain_std3_likely_CDL,GMSK,LDPC,2/3,1115,1024,0,NaN,1,1,0,1,0,100,0,37,39,0.000669,0.026091,0.024753,3.68243910684467,28.6772885191974,28.6772885191974,NaN,14.9241565321919,1.92865493310657e-15,5.37022891992344,error,10,0.0032,0,afterChannel,snr,NaN,NaN,NaN,NaN,mmse,official,1,OK,,0.8220399,all-h,baseline,0,0,0,37,0,0,0,0,37,0
57,H_EQ_rawGain_std3_likely_CDL,GMSK,LDPC,4/5,1115,1024,0,NaN,1,1,0,1,0,100,0,37,39,0.0005575,0.0217425,0.0206275,3.70185950414529,28.6316013590544,28.6316013590544,NaN,14.0969906024685,1.92865493310657e-15,4.92636432024087,error,10,0.002688,0,afterChannel,snr,NaN,NaN,NaN,NaN,mmse,official,1,OK,,0.7140529,all-h,baseline,0,0,0,37,0,0,0,0,37,0
58,H_EQ_rawGain_std3_likely_CDL,GMSK,LDPC,7/8,1115,7136,0,NaN,1,1,0,1,0,100,0,37,39,0.000509714285714286,0.0198788571428571,0.0188594285714286,3.65404273512059,28.7445275550033,28.7445275550033,NaN,15.5002304611913,1.92865493310657e-15,5.52021751228547,error,10,0.016384,0,afterChannel,snr,NaN,NaN,NaN,NaN,mmse,official,1,OK,,3.6071225,all-h,baseline,0,0,0,37,0,0,0,0,37,0
59,H_EQ_rawGain_std3_likely_CDL,GMSK,Turbo,1/2,1115,1784,0,NaN,1,1,0,1,0,100,0,37,39,0.000892,0.034788,0.033004,3.96515993502217,28.0347858138543,28.0347858138543,NaN,13.8882057774197,1.92865493310657e-15,4.72039523958709,error,10,0.00728,0,afterChannel,snr,NaN,NaN,NaN,NaN,mmse,official,1,OK,,1.9770581,all-h,baseline,0,0,0,37,0,0,0,0,37,0
60,H_EQ_rawGain_std3_likely_CDL,GMSK,Turbo,1/3,1115,1784,0,NaN,1,1,0,1,0,100,0,37,39,0.001338,0.052182,0.049506,3.69748560825041,28.6418701547057,28.6418701547057,NaN,14.3700334257135,1.92865493310657e-15,5.00642520598214,error,10,0.01092,0,afterChannel,snr,NaN,NaN,NaN,NaN,mmse,official,1,OK,,2.2932451,all-h,baseline,0,0,0,37,0,0,0,0,37,0
61,H_EQ_rawGain_std3_likely_CDL,GMSK,Turbo,1/4,1115,1784,0,NaN,1,1,0,1,0,100,0,37,39,0.001784,0.069576,0.066008,3.76444557286934,28.4859795519426,28.4859795519426,NaN,15.3964894025838,1.92865493310657e-15,5.53195548370304,error,10,0.01456,0,afterChannel,snr,NaN,NaN,NaN,NaN,mmse,official,1,OK,,2.6577164,all-h,baseline,0,0,0,37,0,0,0,0,37,0
62,H_EQ_rawGain_std3_likely_CDL,GMSK,Turbo,1/6,1115,1784,0,NaN,1,1,0,1,0,100,0,37,39,0.002676,0.104364,0.099012,3.85921689112912,28.2700162607897,28.2700162607897,NaN,15.9829267579977,1.92865493310657e-15,5.75724444194281,error,10,0.02184,0,afterChannel,snr,NaN,NaN,NaN,NaN,mmse,official,1,OK,,3.1897438,all-h,baseline,0,0,0,37,0,0,0,0,37,0
63,H_EQ_rawGain_std3_likely_CDL,GMSK,TPC,1/2_x8,1024,NaN,0,8,1,1,0,1,0,100,0,37,39,0.0008192,0.0319488,0.0303104,3.80990303684285,28.3817215421304,28.3817215421304,NaN,17.4924834518071,1.92865493310657e-15,6.51571026793633,error,10,0.0654288,0,afterChannel,snr,NaN,NaN,NaN,NaN,mmse,official,1,OK,,80.5369525,all-h,baseline,0,0,0,37,0,0,0,0,37,0
64,H_EQ_rawGain_std3_likely_CDL,GMSK,TPC,2/3_x4,1352,NaN,0,4,1,1,0,1,0,100,0,37,39,0.0008112,0.0316368,0.0300144,3.76299346980458,28.4893307068437,28.4893307068437,NaN,15.3883954920016,1.92865493310657e-15,5.38491851465547,error,10,0.0328176,0,afterChannel,snr,NaN,NaN,NaN,NaN,mmse,official,1,OK,,41.8478201,all-h,baseline,0,0,0,37,0,0,0,0,37,0
65,H_EQ_rawGain_std4_likely_ITU_P681,GMSK,none,none,1115,NaN,0,NaN,1,1,0,1,0,100,0,37,39,0.000446,0.017394,0.016502,3.68395859018423,28.6737052033558,28.6737052033558,NaN,15.8960300786933,1.92865493310657e-15,5.65528363681581,error,10,0.017904,0,afterChannel,snr,NaN,NaN,NaN,NaN,mmse,official,1,OK,,2.2951828,all-h,baseline,0,0,0,37,0,0,0,0,37,0
66,H_EQ_rawGain_std4_likely_ITU_P681,GMSK,convolutional,1/2,1115,NaN,0,NaN,1,1,0,1,0,100,0,36,38,0.000892,0.033896,0.032112,4.41567592005624,27.100056166157,27.100056166157,NaN,15.910454234356,1.92865493310657e-15,5.56582206987132,error,10,0.035808,0,afterChannel,snr,NaN,NaN,NaN,NaN,mmse,official,1,OK,,3.9503469,all-h,baseline,0,0,0,36,0,0,0,0,36,0
67,H_EQ_rawGain_std4_likely_ITU_P681,GMSK,convolutional,2/3,1115,NaN,0,NaN,1,1,0,1,0,100,0,36,38,0.000669,0.025422,0.024084,3.85907021492104,28.2703463893114,28.2703463893114,NaN,15.9382876152674,1.92865493310657e-15,5.60979803740263,error,10,0.026856,0,afterChannel,snr,NaN,NaN,NaN,NaN,mmse,official,1,OK,,3.2486711,all-h,baseline,0,0,0,36,0,0,0,0,36,0
68,H_EQ_rawGain_std4_likely_ITU_P681,GMSK,convolutional,3/4,1115,NaN,0,NaN,1,1,0,1,0,100,0,36,38,0.000594666666666667,0.0225973333333333,0.021408,4.47327926167951,26.9874797695198,26.9874797695198,NaN,16.2106391297352,1.92865493310657e-15,5.78871765635339,error,10,0.023872,0,afterChannel,snr,NaN,NaN,NaN,NaN,mmse,official,1,OK,,2.9632274,all-h,baseline,0,0,0,36,0,0,0,0,36,0
69,H_EQ_rawGain_std4_likely_ITU_P681,GMSK,convolutional,5/6,1116,NaN,0,NaN,1,1,0,1,0,100,0,36,38,0.00053568,0.02035584,0.01928448,3.71651698343133,28.5972775650712,28.5972775650712,NaN,16.2634750720115,1.92865493310657e-15,5.80892286225016,error,10,0.021504,0,afterChannel,snr,NaN,NaN,NaN,NaN,mmse,official,1,OK,,2.798259,all-h,baseline,0,0,0,36,0,0,0,0,36,0
70,H_EQ_rawGain_std4_likely_ITU_P681,GMSK,convolutional,7/8,1123,NaN,0,NaN,1,1,0,1,0,100,0,36,38,0.000513371428571429,0.0195081142857143,0.0184813714285714,3.81842789701931,28.3623081144385,28.3623081144385,NaN,16.3444226926791,1.92865493310657e-15,5.87352345194337,error,10,0.020608,0,afterChannel,snr,NaN,NaN,NaN,NaN,mmse,official,1,OK,,2.7010766,all-h,baseline,0,0,0,36,0,0,0,0,36,0
71,H_EQ_rawGain_std4_likely_ITU_P681,GMSK,LDPC,1/2,1115,1024,0,NaN,1,1,0,1,0,100,0,37,39,0.000892,0.034788,0.033004,3.68386362323289,28.6739291155065,28.6739291155065,NaN,13.8039227665456,1.92865493310657e-15,4.58341816478613,error,10,0.004224,0,afterChannel,snr,NaN,NaN,NaN,NaN,mmse,official,1,OK,,1.0879733,all-h,baseline,0,0,0,37,0,0,0,0,37,0
72,H_EQ_rawGain_std4_likely_ITU_P681,GMSK,LDPC,2/3,1115,1024,0,NaN,1,1,0,1,0,100,0,37,39,0.000669,0.026091,0.024753,3.76413979061211,28.4866851269777,28.4866851269777,NaN,11.6839704724158,1.92865493310657e-15,3.7442850858917,error,10,0.0032,0,afterChannel,snr,NaN,NaN,NaN,NaN,mmse,official,1,OK,,0.8461519,all-h,baseline,0,0,0,37,0,0,0,0,37,0
73,H_EQ_rawGain_std4_likely_ITU_P681,GMSK,LDPC,4/5,1115,1024,0,NaN,1,1,0,1,0,100,0,37,39,0.0005575,0.0217425,0.0206275,3.82535349171164,28.3465685309583,28.3465685309583,NaN,11.9189700183991,1.92865493310657e-15,3.85420835592437,error,10,0.002688,0,afterChannel,snr,NaN,NaN,NaN,NaN,mmse,official,1,OK,,0.6930554,all-h,baseline,0,0,0,37,0,0,0,0,37,0
74,H_EQ_rawGain_std4_likely_ITU_P681,GMSK,LDPC,7/8,1115,7136,0,NaN,1,1,0,1,0,100,0,37,39,0.000509714285714286,0.0198788571428571,0.0188594285714286,3.74995145149687,28.5194870960242,28.5194870960242,NaN,15.2447997136829,1.92865493310657e-15,5.29790318837613,error,10,0.016384,0,afterChannel,snr,NaN,NaN,NaN,NaN,mmse,official,1,OK,,3.6413536,all-h,baseline,0,0,0,37,0,0,0,0,37,0
75,H_EQ_rawGain_std4_likely_ITU_P681,GMSK,Turbo,1/2,1115,1784,0,NaN,1,1,0,1,0,100,0,37,39,0.000892,0.034788,0.033004,3.71545313132587,28.5997642548452,28.5997642548452,NaN,14.590959556622,1.92865493310657e-15,5.07151243846069,error,10,0.00728,0,afterChannel,snr,NaN,NaN,NaN,NaN,mmse,official,1,OK,,2.0063934,all-h,baseline,0,0,0,37,0,0,0,0,37,0
76,H_EQ_rawGain_std4_likely_ITU_P681,GMSK,Turbo,1/3,1115,1784,0,NaN,1,1,0,1,0,100,0,37,39,0.001338,0.052182,0.049506,3.71125109891199,28.609593216001,28.609593216001,NaN,14.3540761566983,1.92865493310657e-15,4.85064138557162,error,10,0.01092,0,afterChannel,snr,NaN,NaN,NaN,NaN,mmse,official,1,OK,,2.3357735,all-h,baseline,0,0,0,37,0,0,0,0,37,0
77,H_EQ_rawGain_std4_likely_ITU_P681,GMSK,Turbo,1/4,1115,1784,0,NaN,1,1,0,1,0,100,0,37,39,0.001784,0.069576,0.066008,3.71975760311957,28.5897071972949,28.5897071972949,NaN,15.197682705439,1.92865493310657e-15,5.21334114473295,error,10,0.01456,0,afterChannel,snr,NaN,NaN,NaN,NaN,mmse,official,1,OK,,2.6455866,all-h,baseline,0,0,0,37,0,0,0,0,37,0
78,H_EQ_rawGain_std4_likely_ITU_P681,GMSK,Turbo,1/6,1115,1784,0,NaN,1,1,0,1,0,100,0,37,39,0.002676,0.104364,0.099012,3.66925364314468,28.7084453178345,28.7084453178345,NaN,16.3401172877316,1.92865493310657e-15,5.86646791818079,error,10,0.02184,0,afterChannel,snr,NaN,NaN,NaN,NaN,mmse,official,1,OK,,3.2269409,all-h,baseline,0,0,0,37,0,0,0,0,37,0
79,H_EQ_rawGain_std4_likely_ITU_P681,GMSK,TPC,1/2_x8,1024,NaN,0,8,1,1,0,1,0,100,0,37,39,0.0008192,0.0319488,0.0303104,29.3656463960812,10.6432087006694,10.6432087006694,NaN,16.9817552936931,1.92865493310657e-15,6.13380918239856,error,10,0.0654288,0,afterChannel,snr,NaN,NaN,NaN,NaN,mmse,official,1,OK,,80.7517577,all-h,baseline,0,0,0,37,0,0,0,0,37,0
80,H_EQ_rawGain_std4_likely_ITU_P681,GMSK,TPC,2/3_x4,1352,NaN,0,4,1,1,0,1,0,100,0,37,39,0.0008112,0.0316368,0.0300144,3.77648301971886,28.4582492737992,28.4582492737992,NaN,15.4876286561377,1.92865493310657e-15,5.32438411278078,error,10,0.0328176,0,afterChannel,snr,NaN,NaN,NaN,NaN,mmse,official,1,OK,,41.7740367,all-h,baseline,0,0,0,37,0,0,0,0,37,0
81,H_EQ_rawGain_std5_likely_Jakes,GMSK,none,none,1115,NaN,0,NaN,1,1,0,1,0,100,0,37,39,0.000446,0.017394,0.016502,3.76933168621873,28.4747128935845,28.4747128935845,NaN,-65.3049095405636,1.92865493310657e-15,0.000536944010835308,error,2,0.017904,0,afterChannel,snr,NaN,NaN,NaN,NaN,mmse,official,1,OK,,2.2476659,all-h,baseline,0,0,0,37,0,0,0,0,37,0
82,H_EQ_rawGain_std5_likely_Jakes,GMSK,convolutional,1/2,1115,NaN,0,NaN,1,1,0,1,0,100,0,36,38,0.000892,0.033896,0.032112,3.71515395248829,28.6004636955066,28.6004636955066,NaN,-65.2987096553475,1.92865493310657e-15,0.000536890598665992,error,2,0.035808,0,afterChannel,snr,NaN,NaN,NaN,NaN,mmse,official,1,OK,,3.9239665,all-h,baseline,0,0,0,36,0,0,0,0,36,0
83,H_EQ_rawGain_std5_likely_Jakes,GMSK,convolutional,2/3,1115,NaN,0,NaN,1,1,0,1,0,100,0,36,38,0.000669,0.025422,0.024084,3.7313334914831,28.5627186748341,28.5627186748341,NaN,-65.3380667162985,1.92865493310657e-15,0.000534780475781873,error,2,0.026856,0,afterChannel,snr,NaN,NaN,NaN,NaN,mmse,official,1,OK,,3.1766973,all-h,baseline,0,0,0,36,0,0,0,0,36,0
84,H_EQ_rawGain_std5_likely_Jakes,GMSK,convolutional,3/4,1115,NaN,0,NaN,1,1,0,1,0,100,0,36,38,0.000594666666666667,0.0225973333333333,0.021408,3.71202636835796,28.6077789486772,28.6077789486772,NaN,-65.3822764109202,1.92865493310657e-15,0.000531775524485992,error,2,0.023872,0,afterChannel,snr,NaN,NaN,NaN,NaN,mmse,official,1,OK,,2.9307482,all-h,baseline,0,0,0,36,0,0,0,0,36,0
85,H_EQ_rawGain_std5_likely_Jakes,GMSK,convolutional,5/6,1116,NaN,0,NaN,1,1,0,1,0,100,0,36,38,0.00053568,0.02035584,0.01928448,3.75033703502384,28.5185940274521,28.5185940274521,NaN,-65.4978215071008,1.92865493310657e-15,0.00052446432222616,error,2,0.021504,0,afterChannel,snr,NaN,NaN,NaN,NaN,mmse,official,1,OK,,2.7182253,all-h,baseline,0,0,0,36,0,0,0,0,36,0
86,H_EQ_rawGain_std5_likely_Jakes,GMSK,convolutional,7/8,1123,NaN,0,NaN,1,1,0,1,0,100,0,36,38,0.000513371428571429,0.0195081142857143,0.0184813714285714,3.77378556707143,28.464455616455,28.464455616455,NaN,-65.4592010064685,1.92865493310657e-15,0.000526717889681309,error,2,0.020608,0,afterChannel,snr,NaN,NaN,NaN,NaN,mmse,official,1,OK,,2.6197146,all-h,baseline,0,0,0,36,0,0,0,0,36,0
87,H_EQ_rawGain_std5_likely_Jakes,GMSK,LDPC,1/2,1115,1024,0,NaN,1,1,0,1,0,100,0,37,39,0.000892,0.034788,0.033004,3.75250321435452,28.5135785414495,28.5135785414495,NaN,-64.9828554151357,1.92865493310657e-15,0.000561641957322871,error,2,0.004224,0,afterChannel,snr,NaN,NaN,NaN,NaN,mmse,official,1,OK,,1.0669962,all-h,baseline,0,0,0,37,0,0,0,0,37,0
88,H_EQ_rawGain_std5_likely_Jakes,GMSK,LDPC,2/3,1115,1024,0,NaN,1,1,0,1,0,100,0,37,39,0.000669,0.026091,0.024753,3.77799959188664,28.4547618665652,28.4547618665652,NaN,-64.6806567983348,1.92865493310657e-15,0.000582736654544972,error,2,0.0032,0,afterChannel,snr,NaN,NaN,NaN,NaN,mmse,official,1,OK,,0.7773598,all-h,baseline,0,0,0,37,0,0,0,0,37,0
89,H_EQ_rawGain_std5_likely_Jakes,GMSK,LDPC,4/5,1115,1024,0,NaN,1,1,0,1,0,100,0,37,39,0.0005575,0.0217425,0.0206275,3.75261998145065,28.5133082657767,28.5133082657767,NaN,-64.5942145600087,1.92865493310657e-15,0.0005887520295625,error,2,0.002688,0,afterChannel,snr,NaN,NaN,NaN,NaN,mmse,official,1,OK,,0.6443329,all-h,baseline,0,0,0,37,0,0,0,0,37,0
90,H_EQ_rawGain_std5_likely_Jakes,GMSK,LDPC,7/8,1115,7136,0,NaN,1,1,0,1,0,100,0,37,39,0.000509714285714286,0.0198788571428571,0.0188594285714286,3.69657410082506,28.6440116718837,28.6440116718837,NaN,-65.1864796290494,1.92865493310657e-15,0.000545489658670296,error,2,0.016384,0,afterChannel,snr,NaN,NaN,NaN,NaN,mmse,official,1,OK,,3.5787552,all-h,baseline,0,0,0,37,0,0,0,0,37,0
91,H_EQ_rawGain_std5_likely_Jakes,GMSK,Turbo,1/2,1115,1784,0,NaN,1,1,0,1,0,100,0,37,39,0.000892,0.034788,0.033004,3.71827612147607,28.5931672478144,28.5931672478144,NaN,-65.3341097552084,1.92865493310657e-15,0.000537921051058407,error,2,0.00728,0,afterChannel,snr,NaN,NaN,NaN,NaN,mmse,official,1,OK,,1.9279479,all-h,baseline,0,0,0,37,0,0,0,0,37,0
92,H_EQ_rawGain_std5_likely_Jakes,GMSK,Turbo,1/3,1115,1784,0,NaN,1,1,0,1,0,100,0,37,39,0.001338,0.052182,0.049506,3.76396336686495,28.4870922407395,28.4870922407395,NaN,-65.1875539287963,1.92865493310657e-15,0.000547698176225807,error,2,0.01092,0,afterChannel,snr,NaN,NaN,NaN,NaN,mmse,official,1,OK,,2.2569454,all-h,baseline,0,0,0,37,0,0,0,0,37,0
93,H_EQ_rawGain_std5_likely_Jakes,GMSK,Turbo,1/4,1115,1784,0,NaN,1,1,0,1,0,100,0,37,39,0.001784,0.069576,0.066008,3.70254896844323,28.6299837792462,28.6299837792462,NaN,-65.3154869155977,1.92865493310657e-15,0.000537753344542719,error,2,0.01456,0,afterChannel,snr,NaN,NaN,NaN,NaN,mmse,official,1,OK,,2.5967278,all-h,baseline,0,0,0,37,0,0,0,0,37,0
94,H_EQ_rawGain_std5_likely_Jakes,GMSK,Turbo,1/6,1115,1784,0,NaN,1,1,0,1,0,100,0,37,39,0.002676,0.104364,0.099012,3.72638985303903,28.5742342278364,28.5742342278364,NaN,-65.486031947452,1.92865493310657e-15,0.000525251553042997,error,2,0.02184,0,afterChannel,snr,NaN,NaN,NaN,NaN,mmse,official,1,OK,,3.1595574,all-h,baseline,0,0,0,37,0,0,0,0,37,0
95,H_EQ_rawGain_std5_likely_Jakes,GMSK,TPC,1/2_x8,1024,NaN,0,8,1,1,0,1,0,100,0,37,39,0.0008192,0.0319488,0.0303104,3.71563543568848,28.599338078906,28.599338078906,NaN,-65.3998295041923,1.92865493310657e-15,0.000527404850185613,error,2,0.0654288,0,afterChannel,snr,NaN,NaN,NaN,NaN,mmse,official,1,OK,,80.1263175,all-h,baseline,0,0,0,37,0,0,0,0,37,0
96,H_EQ_rawGain_std5_likely_Jakes,GMSK,TPC,2/3_x4,1352,NaN,0,4,1,1,0,1,0,100,0,37,39,0.0008112,0.0316368,0.0300144,3.71856674533408,28.5924883772767,28.5924883772767,NaN,-65.343298027379,1.92865493310657e-15,0.000535062019382969,error,2,0.0328176,0,afterChannel,snr,NaN,NaN,NaN,NaN,mmse,official,1,OK,,41.9711803,all-h,baseline,0,0,0,37,0,0,0,0,37,0
97,H_EQ_rawGain_std6_likely_CLoo,GMSK,none,none,1115,NaN,0,NaN,1,1,0,1,0,100,0,37,39,0.000446,0.017394,0.016502,3.93776826780884,28.0949969014547,28.0949969014547,NaN,-70.2061798620673,1.92865493310657e-15,0.000283055294050648,error,2,0.017904,0,afterChannel,snr,NaN,NaN,NaN,NaN,mmse,official,1,OK,,2.2776311,all-h,baseline,0,0,0,37,0,0,0,0,37,0
98,H_EQ_rawGain_std6_likely_CLoo,GMSK,convolutional,1/2,1115,NaN,0,NaN,1,1,0,1,0,100,0,36,38,0.000892,0.033896,0.032112,3.70039830421276,28.6350305348131,28.6350305348131,NaN,-69.8690942377158,1.92865493310657e-15,0.000284535766256951,error,2,0.035808,0,afterChannel,snr,NaN,NaN,NaN,NaN,mmse,official,1,OK,,3.9710079,all-h,baseline,0,0,0,36,0,0,0,0,36,0
99,H_EQ_rawGain_std6_likely_CLoo,GMSK,convolutional,2/3,1115,NaN,0,NaN,1,1,0,1,0,100,0,36,38,0.000669,0.025422,0.024084,4.40180642766196,27.127381194975,27.127381194975,NaN,-70.5887614956632,1.92865493310657e-15,0.000270868415215811,error,2,0.026856,0,afterChannel,snr,NaN,NaN,NaN,NaN,mmse,official,1,OK,,3.2123577,all-h,baseline,0,0,0,36,0,0,0,0,36,0
100,H_EQ_rawGain_std6_likely_CLoo,GMSK,convolutional,3/4,1115,NaN,0,NaN,1,1,0,1,0,100,0,36,38,0.000594666666666667,0.0225973333333333,0.021408,3.91130573736784,28.1535646993052,28.1535646993052,NaN,-70.4785484575432,1.92865493310657e-15,0.000274168646614473,error,2,0.023872,0,afterChannel,snr,NaN,NaN,NaN,NaN,mmse,official,1,OK,,2.97667,all-h,baseline,0,0,0,36,0,0,0,0,36,0
101,H_EQ_rawGain_std6_likely_CLoo,GMSK,convolutional,5/6,1116,NaN,0,NaN,1,1,0,1,0,100,0,36,38,0.00053568,0.02035584,0.01928448,3.94804017319773,28.0723687365154,28.0723687365154,NaN,-70.2893343334853,1.92865493310657e-15,0.000279567844084623,error,2,0.021504,0,afterChannel,snr,NaN,NaN,NaN,NaN,mmse,official,1,OK,,2.7706262,all-h,baseline,0,0,0,36,0,0,0,0,36,0
102,H_EQ_rawGain_std6_likely_CLoo,GMSK,convolutional,7/8,1123,NaN,0,NaN,1,1,0,1,0,100,0,36,38,0.000513371428571429,0.0195081142857143,0.0184813714285714,4.03357592748115,27.8861952708838,27.8861952708838,NaN,-70.1589221435063,1.92865493310657e-15,0.000284458627438616,error,2,0.020608,0,afterChannel,snr,NaN,NaN,NaN,NaN,mmse,official,1,OK,,2.6640976,all-h,baseline,0,0,0,36,0,0,0,0,36,0
103,H_EQ_rawGain_std6_likely_CLoo,GMSK,LDPC,1/2,1115,1024,0,NaN,1,1,0,1,0,100,0,37,39,0.000892,0.034788,0.033004,3.93613822677669,28.0985931739587,28.0985931739587,NaN,-71.7742202073916,1.92865493310657e-15,0.000246589541752083,error,2,0.004224,0,afterChannel,snr,NaN,NaN,NaN,NaN,mmse,official,1,OK,,1.0810832,all-h,baseline,0,0,0,37,0,0,0,0,37,0
104,H_EQ_rawGain_std6_likely_CLoo,GMSK,LDPC,2/3,1115,1024,0,NaN,1,1,0,1,0,100,0,37,39,0.000669,0.026091,0.024753,3.68814990141252,28.6638287153113,28.6638287153113,NaN,-71.3828318880412,1.92865493310657e-15,0.000259804541586599,error,2,0.0032,0,afterChannel,snr,NaN,NaN,NaN,NaN,mmse,official,1,OK,,0.7900125,all-h,baseline,0,0,0,37,0,0,0,0,37,0
105,H_EQ_rawGain_std6_likely_CLoo,GMSK,LDPC,4/5,1115,1024,0,NaN,1,1,0,1,0,100,0,37,39,0.0005575,0.0217425,0.0206275,3.69064446513038,28.6579558030447,28.6579558030447,NaN,-72.210050534586,1.92865493310657e-15,0.000238330961862796,error,2,0.002688,0,afterChannel,snr,NaN,NaN,NaN,NaN,mmse,official,1,OK,,0.6503288,all-h,baseline,0,0,0,37,0,0,0,0,37,0
106,H_EQ_rawGain_std6_likely_CLoo,GMSK,LDPC,7/8,1115,7136,0,NaN,1,1,0,1,0,100,0,37,39,0.000509714285714286,0.0198788571428571,0.0188594285714286,3.64749900060111,28.7600963685859,28.7600963685859,NaN,-70.8067220144845,1.92865493310657e-15,0.000267060790447289,error,2,0.016384,0,afterChannel,snr,NaN,NaN,NaN,NaN,mmse,official,1,OK,,3.5837326,all-h,baseline,0,0,0,37,0,0,0,0,37,0
107,H_EQ_rawGain_std6_likely_CLoo,GMSK,Turbo,1/2,1115,1784,0,NaN,1,1,0,1,0,100,0,37,39,0.000892,0.034788,0.033004,4.02997246499227,27.893958423792,27.893958423792,NaN,-72.4187201589634,1.92865493310657e-15,0.000228366451340397,error,2,0.00728,0,afterChannel,snr,NaN,NaN,NaN,NaN,mmse,official,1,OK,,1.9399246,all-h,baseline,0,0,0,37,0,0,0,0,37,0
108,H_EQ_rawGain_std6_likely_CLoo,GMSK,Turbo,1/3,1115,1784,0,NaN,1,1,0,1,0,100,0,37,39,0.001338,0.052182,0.049506,3.70300925220713,28.6289040567293,28.6289040567293,NaN,-71.9369026116821,1.92865493310657e-15,0.000242204201165847,error,2,0.01092,0,afterChannel,snr,NaN,NaN,NaN,NaN,mmse,official,1,OK,,2.2822015,all-h,baseline,0,0,0,37,0,0,0,0,37,0
109,H_EQ_rawGain_std6_likely_CLoo,GMSK,Turbo,1/4,1115,1784,0,NaN,1,1,0,1,0,100,0,37,39,0.001784,0.069576,0.066008,3.77380838970229,28.4644030871711,28.4644030871711,NaN,-70.9104365220651,1.92865493310657e-15,0.000267628657912302,error,2,0.01456,0,afterChannel,snr,NaN,NaN,NaN,NaN,mmse,official,1,OK,,2.6261265,all-h,baseline,0,0,0,37,0,0,0,0,37,0
110,H_EQ_rawGain_std6_likely_CLoo,GMSK,Turbo,1/6,1115,1784,0,NaN,1,1,0,1,0,100,0,37,39,0.002676,0.104364,0.099012,3.82574599797212,28.3456773476536,28.3456773476536,NaN,-70.3239983766137,1.92865493310657e-15,0.000278527838448695,error,2,0.02184,0,afterChannel,snr,NaN,NaN,NaN,NaN,mmse,official,1,OK,,3.1887777,all-h,baseline,0,0,0,37,0,0,0,0,37,0
111,H_EQ_rawGain_std6_likely_CLoo,GMSK,TPC,1/2_x8,1024,NaN,0,8,1,1,0,1,0,100,0,37,39,0.0008192,0.0319488,0.0303104,3.83760570185708,28.3187929854688,28.3187929854688,NaN,-68.8144388017978,1.92865493310657e-15,0.000315221407599963,error,2,0.0654288,0,afterChannel,snr,NaN,NaN,NaN,NaN,mmse,official,1,OK,,80.798035,all-h,baseline,0,0,0,37,0,0,0,0,37,0
112,H_EQ_rawGain_std6_likely_CLoo,GMSK,TPC,2/3_x4,1352,NaN,0,4,1,1,0,1,0,100,0,37,39,0.0008112,0.0316368,0.0300144,3.8012306733447,28.4015154986456,28.4015154986456,NaN,-70.9185303744414,1.92865493310657e-15,0.000260515204666769,error,2,0.0328176,0,afterChannel,snr,NaN,NaN,NaN,NaN,mmse,official,1,OK,,41.9148223,all-h,baseline,0,0,0,37,0,0,0,0,37,0
113,H_EQ_rawGain_std7_likely_Corazza,GMSK,none,none,1115,NaN,0,NaN,1,1,0,1,0,100,0,37,39,0.000446,0.017394,0.016502,3.90025652183743,28.1781365653429,28.1781365653429,NaN,-73.2061811043491,1.92865493310657e-15,0.000200387802170769,error,2,0.017904,0,afterChannel,snr,NaN,NaN,NaN,NaN,mmse,official,1,OK,,2.2503991,all-h,baseline,0,0,0,37,0,0,0,0,37,0
114,H_EQ_rawGain_std7_likely_Corazza,GMSK,convolutional,1/2,1115,NaN,0,NaN,1,1,0,1,0,100,0,36,38,0.000892,0.033896,0.032112,3.69875240591632,28.6388947867399,28.6388947867399,NaN,-72.8691023046149,1.92865493310657e-15,0.000201435896228119,error,2,0.035808,0,afterChannel,snr,NaN,NaN,NaN,NaN,mmse,official,1,OK,,3.9572595,all-h,baseline,0,0,0,36,0,0,0,0,36,0
115,H_EQ_rawGain_std7_likely_Corazza,GMSK,convolutional,2/3,1115,NaN,0,NaN,1,1,0,1,0,100,0,36,38,0.000669,0.025422,0.024084,4.39825793520147,27.1343861018241,27.1343861018241,NaN,-73.5887617879299,1.92865493310657e-15,0.000191760152674845,error,2,0.026856,0,afterChannel,snr,NaN,NaN,NaN,NaN,mmse,official,1,OK,,3.2206647,all-h,baseline,0,0,0,36,0,0,0,0,36,0
116,H_EQ_rawGain_std7_likely_Corazza,GMSK,convolutional,3/4,1115,NaN,0,NaN,1,1,0,1,0,100,0,36,38,0.000594666666666667,0.0225973333333333,0.021408,3.91355622171971,28.1485684554471,28.1485684554471,NaN,-73.4785508616696,1.92865493310657e-15,0.000194096537581021,error,2,0.023872,0,afterChannel,snr,NaN,NaN,NaN,NaN,mmse,official,1,OK,,2.9501633,all-h,baseline,0,0,0,36,0,0,0,0,36,0
117,H_EQ_rawGain_std7_likely_Corazza,GMSK,convolutional,5/6,1116,NaN,0,NaN,1,1,0,1,0,100,0,36,38,0.00053568,0.02035584,0.01928448,3.92862070868439,28.1151979683138,28.1151979683138,NaN,-73.2893366394938,1.92865493310657e-15,0.000197918876669071,error,2,0.021504,0,afterChannel,snr,NaN,NaN,NaN,NaN,mmse,official,1,OK,,2.7466304,all-h,baseline,0,0,0,36,0,0,0,0,36,0
118,H_EQ_rawGain_std7_likely_Corazza,GMSK,convolutional,7/8,1123,NaN,0,NaN,1,1,0,1,0,100,0,36,38,0.000513371428571429,0.0195081142857143,0.0184813714285714,4.06472236543717,27.8193822573706,27.8193822573706,NaN,-73.1589236992167,1.92865493310657e-15,0.000201381286126866,error,2,0.020608,0,afterChannel,snr,NaN,NaN,NaN,NaN,mmse,official,1,OK,,2.6715405,all-h,baseline,0,0,0,36,0,0,0,0,36,0
119,H_EQ_rawGain_std7_likely_Corazza,GMSK,LDPC,1/2,1115,1024,0,NaN,1,1,0,1,0,100,0,37,39,0.000892,0.034788,0.033004,3.96706880023283,28.030605351231,28.030605351231,NaN,-74.7742324553637,1.92865493310657e-15,0.000174572026556603,error,2,0.004224,0,afterChannel,snr,NaN,NaN,NaN,NaN,mmse,official,1,OK,,1.0388993,all-h,baseline,0,0,0,37,0,0,0,0,37,0
120,H_EQ_rawGain_std7_likely_Corazza,GMSK,LDPC,2/3,1115,1024,0,NaN,1,1,0,1,0,100,0,37,39,0.000669,0.026091,0.024753,3.69859430991725,28.6392660561837,28.6392660561837,NaN,-74.3828991039564,1.92865493310657e-15,0.000183927529980086,error,2,0.0032,0,afterChannel,snr,NaN,NaN,NaN,NaN,mmse,official,1,OK,,0.7817314,all-h,baseline,0,0,0,37,0,0,0,0,37,0
121,H_EQ_rawGain_std7_likely_Corazza,GMSK,LDPC,4/5,1115,1024,0,NaN,1,1,0,1,0,100,0,37,39,0.0005575,0.0217425,0.0206275,3.69030203811136,28.6587617385158,28.6587617385158,NaN,-75.210170464991,1.92865493310657e-15,0.000168725399738983,error,2,0.002688,0,afterChannel,snr,NaN,NaN,NaN,NaN,mmse,official,1,OK,,0.6514048,all-h,baseline,0,0,0,37,0,0,0,0,37,0
122,H_EQ_rawGain_std7_likely_Corazza,GMSK,LDPC,7/8,1115,7136,0,NaN,1,1,0,1,0,100,0,37,39,0.000509714285714286,0.0198788571428571,0.0188594285714286,3.65009128844588,28.7539254748566,28.7539254748566,NaN,-73.8067532815643,1.92865493310657e-15,0.000189064560771454,error,2,0.016384,0,afterChannel,snr,NaN,NaN,NaN,NaN,mmse,official,1,OK,,3.5893787,all-h,baseline,0,0,0,37,0,0,0,0,37,0
123,H_EQ_rawGain_std7_likely_Corazza,GMSK,Turbo,1/2,1115,1784,0,NaN,1,1,0,1,0,100,0,37,39,0.000892,0.034788,0.033004,4.04908372728846,27.8528648552298,27.8528648552298,NaN,-75.4187248871031,1.92865493310657e-15,0.0001616710665212,error,2,0.00728,0,afterChannel,snr,NaN,NaN,NaN,NaN,mmse,official,1,OK,,1.9465908,all-h,baseline,0,0,0,37,0,0,0,0,37,0
124,H_EQ_rawGain_std7_likely_Corazza,GMSK,Turbo,1/3,1115,1784,0,NaN,1,1,0,1,0,100,0,37,39,0.001338,0.052182,0.049506,3.6921494200939,28.6544146306626,28.6544146306626,NaN,-74.9369174421986,1.92865493310657e-15,0.000171467443175489,error,2,0.01092,0,afterChannel,snr,NaN,NaN,NaN,NaN,mmse,official,1,OK,,2.2814297,all-h,baseline,0,0,0,37,0,0,0,0,37,0
125,H_EQ_rawGain_std7_likely_Corazza,GMSK,Turbo,1/4,1115,1784,0,NaN,1,1,0,1,0,100,0,37,39,0.001784,0.069576,0.066008,3.76591242012951,28.4825956826523,28.4825956826523,NaN,-73.910441239061,1.92865493310657e-15,0.000189466580149399,error,2,0.01456,0,afterChannel,snr,NaN,NaN,NaN,NaN,mmse,official,1,OK,,2.7915117,all-h,baseline,0,0,0,37,0,0,0,0,37,0
126,H_EQ_rawGain_std7_likely_Corazza,GMSK,Turbo,1/6,1115,1784,0,NaN,1,1,0,1,0,100,0,37,39,0.002676,0.104364,0.099012,3.81397793656186,28.3724364725603,28.3724364725603,NaN,-73.3240023028613,1.92865493310657e-15,0.00019718260906338,error,2,0.02184,0,afterChannel,snr,NaN,NaN,NaN,NaN,mmse,official,1,OK,,3.1686836,all-h,baseline,0,0,0,37,0,0,0,0,37,0
127,H_EQ_rawGain_std7_likely_Corazza,GMSK,TPC,1/2_x8,1024,NaN,0,8,1,1,0,1,0,100,0,37,39,0.0008192,0.0319488,0.0303104,3.84862781894861,28.2938817053211,28.2938817053211,NaN,-71.8144398472148,1.92865493310657e-15,0.000223159666658028,error,2,0.0654288,0,afterChannel,snr,NaN,NaN,NaN,NaN,mmse,official,1,OK,,80.644849,all-h,baseline,0,0,0,37,0,0,0,0,37,0
128,H_EQ_rawGain_std7_likely_Corazza,GMSK,TPC,2/3_x4,1352,NaN,0,4,1,1,0,1,0,100,0,37,39,0.0008112,0.0316368,0.0300144,3.77280456796938,28.4667138151463,28.4667138151463,NaN,-73.918535032253,1.92865493310657e-15,0.00018443064091181,error,2,0.0328176,0,afterChannel,snr,NaN,NaN,NaN,NaN,mmse,official,1,OK,,41.9966652,all-h,baseline,0,0,0,37,0,0,0,0,37,0
129,H_EQ_rawGain_std8_likely_Lutz,GMSK,none,none,1115,NaN,0,NaN,1,1,0,1,0,100,0,37,39,0.000446,0.017394,0.016502,3.76461863196651,28.4855802533902,28.4855802533902,NaN,-62.1436602691661,1.92865493310657e-15,0.00038653318534848,error,2,0.017904,0,afterChannel,snr,NaN,NaN,NaN,NaN,mmse,official,1,OK,,2.5659057,all-h,baseline,0,0,0,37,0,0,0,0,37,0
130,H_EQ_rawGain_std8_likely_Lutz,GMSK,convolutional,1/2,1115,NaN,0,NaN,1,1,0,1,0,100,0,36,38,0.000892,0.033896,0.032112,3.7028175557221,28.6293537173969,28.6293537173969,NaN,-62.131245758774,1.92865493310657e-15,0.000386787452546303,error,2,0.035808,0,afterChannel,snr,NaN,NaN,NaN,NaN,mmse,official,1,OK,,4.4732157,all-h,baseline,0,0,0,36,0,0,0,0,36,0
131,H_EQ_rawGain_std8_likely_Lutz,GMSK,convolutional,2/3,1115,NaN,0,NaN,1,1,0,1,0,100,0,36,38,0.000669,0.025422,0.024084,3.72087845294626,28.5870903301627,28.5870903301627,NaN,-62.1730015233138,1.92865493310657e-15,0.00038515782778632,error,2,0.026856,0,afterChannel,snr,NaN,NaN,NaN,NaN,mmse,official,1,OK,,3.5943037,all-h,baseline,0,0,0,36,0,0,0,0,36,0
132,H_EQ_rawGain_std8_likely_Lutz,GMSK,convolutional,3/4,1115,NaN,0,NaN,1,1,0,1,0,100,0,36,38,0.000594666666666667,0.0225973333333333,0.021408,3.73116805359566,28.5631037937446,28.5631037937446,NaN,-62.2180544129033,1.92865493310657e-15,0.000382958133603801,error,2,0.023872,0,afterChannel,snr,NaN,NaN,NaN,NaN,mmse,official,1,OK,,3.2894964,all-h,baseline,0,0,0,36,0,0,0,0,36,0
133,H_EQ_rawGain_std8_likely_Lutz,GMSK,convolutional,5/6,1116,NaN,0,NaN,1,1,0,1,0,100,0,36,38,0.00053568,0.02035584,0.01928448,3.75280300795436,28.5128846392831,28.5128846392831,NaN,-62.3336567459419,1.92865493310657e-15,0.000377699145183409,error,2,0.021504,0,afterChannel,snr,NaN,NaN,NaN,NaN,mmse,official,1,OK,,3.106144,all-h,baseline,0,0,0,36,0,0,0,0,36,0
134,H_EQ_rawGain_std8_likely_Lutz,GMSK,convolutional,7/8,1123,NaN,0,NaN,1,1,0,1,0,100,0,36,38,0.000513371428571429,0.0195081142857143,0.0184813714285714,3.77540441334956,28.4607304167012,28.4607304167012,NaN,-62.2957809038474,1.92865493310657e-15,0.000379290441029105,error,2,0.020608,0,afterChannel,snr,NaN,NaN,NaN,NaN,mmse,official,1,OK,,2.9391933,all-h,baseline,0,0,0,36,0,0,0,0,36,0
135,H_EQ_rawGain_std8_likely_Lutz,GMSK,LDPC,1/2,1115,1024,0,NaN,1,1,0,1,0,100,0,37,39,0.000892,0.034788,0.033004,3.75954946365433,28.4972839374702,28.4972839374702,NaN,-61.8285320393961,1.92865493310657e-15,0.000403874901446977,error,2,0.004224,0,afterChannel,snr,NaN,NaN,NaN,NaN,mmse,official,1,OK,,1.1440449,all-h,baseline,0,0,0,37,0,0,0,0,37,0
136,H_EQ_rawGain_std8_likely_Lutz,GMSK,LDPC,2/3,1115,1024,0,NaN,1,1,0,1,0,100,0,37,39,0.000669,0.026091,0.024753,3.7595857552928,28.4972000913477,28.4972000913477,NaN,-61.5293908996944,1.92865493310657e-15,0.000418863546706881,error,2,0.0032,0,afterChannel,snr,NaN,NaN,NaN,NaN,mmse,official,1,OK,,0.8582489,all-h,baseline,0,0,0,37,0,0,0,0,37,0
137,H_EQ_rawGain_std8_likely_Lutz,GMSK,LDPC,4/5,1115,1024,0,NaN,1,1,0,1,0,100,0,37,39,0.0005575,0.0217425,0.0206275,3.72889485657145,28.5683972448393,28.5683972448393,NaN,-61.4435034113909,1.92865493310657e-15,0.000423148279908104,error,2,0.002688,0,afterChannel,snr,NaN,NaN,NaN,NaN,mmse,official,1,OK,,0.7048895,all-h,baseline,0,0,0,37,0,0,0,0,37,0
138,H_EQ_rawGain_std8_likely_Lutz,GMSK,LDPC,7/8,1115,7136,0,NaN,1,1,0,1,0,100,0,37,39,0.000509714285714286,0.0198788571428571,0.0188594285714286,3.70432201543247,28.6258253455974,28.6258253455974,NaN,-62.0263378412377,1.92865493310657e-15,0.000392601276343932,error,2,0.016384,0,afterChannel,snr,NaN,NaN,NaN,NaN,mmse,official,1,OK,,3.8274182,all-h,baseline,0,0,0,37,0,0,0,0,37,0
139,H_EQ_rawGain_std8_likely_Lutz,GMSK,Turbo,1/2,1115,1784,0,NaN,1,1,0,1,0,100,0,37,39,0.000892,0.034788,0.033004,3.72704696023108,28.5727027033308,28.5727027033308,NaN,-62.1752007228454,1.92865493310657e-15,0.00038705011517553,error,2,0.00728,0,afterChannel,snr,NaN,NaN,NaN,NaN,mmse,official,1,OK,,2.0610218,all-h,baseline,0,0,0,37,0,0,0,0,37,0
140,H_EQ_rawGain_std8_likely_Lutz,GMSK,Turbo,1/3,1115,1784,0,NaN,1,1,0,1,0,100,0,37,39,0.001338,0.052182,0.049506,3.7933054101439,28.4196437913407,28.4196437913407,NaN,-62.0288908296287,1.92865493310657e-15,0.000394073238194,error,2,0.01092,0,afterChannel,snr,NaN,NaN,NaN,NaN,mmse,official,1,OK,,2.4304348,all-h,baseline,0,0,0,37,0,0,0,0,37,0
141,H_EQ_rawGain_std8_likely_Lutz,GMSK,Turbo,1/4,1115,1784,0,NaN,1,1,0,1,0,100,0,37,39,0.001784,0.069576,0.066008,3.70168906794366,28.6320012726968,28.6320012726968,NaN,-62.1548974903494,1.92865493310657e-15,0.000387045428937245,error,2,0.01456,0,afterChannel,snr,NaN,NaN,NaN,NaN,mmse,official,1,OK,,2.8461444,all-h,baseline,0,0,0,37,0,0,0,0,37,0
142,H_EQ_rawGain_std8_likely_Lutz,GMSK,Turbo,1/6,1115,1784,0,NaN,1,1,0,1,0,100,0,37,39,0.002676,0.104364,0.099012,3.71171418838102,28.6085094593431,28.6085094593431,NaN,-62.3218113837658,1.92865493310657e-15,0.000378266426287328,error,2,0.02184,0,afterChannel,snr,NaN,NaN,NaN,NaN,mmse,official,1,OK,,3.4965792,all-h,baseline,0,0,0,37,0,0,0,0,37,0
143,H_EQ_rawGain_std8_likely_Lutz,GMSK,TPC,1/2_x8,1024,NaN,0,8,1,1,0,1,0,100,0,37,39,0.0008192,0.0319488,0.0303104,3.6932443417757,28.6518391772023,28.6518391772023,NaN,-62.2225805309946,1.92865493310657e-15,0.000380431813947163,error,2,0.0654288,0,afterChannel,snr,NaN,NaN,NaN,NaN,mmse,official,1,OK,,81.876475,all-h,baseline,0,0,0,37,0,0,0,0,37,0
144,H_EQ_rawGain_std8_likely_Lutz,GMSK,TPC,2/3_x4,1352,NaN,0,4,1,1,0,1,0,100,0,37,39,0.0008112,0.0316368,0.0300144,3.72435251864755,28.5789843752012,28.5789843752012,NaN,-62.1758611273232,1.92865493310657e-15,0.000385462240420641,error,2,0.0328176,0,afterChannel,snr,NaN,NaN,NaN,NaN,mmse,official,1,OK,,42.4057176,all-h,baseline,0,0,0,37,0,0,0,0,37,0
