ChannelLabel,ChannelFile,ModType,ChannelCoding,Rate,Success,BER,LockRate_pct,EVM_post_pct,MER_dB,CountedFrames,MatchedFrames,DecodedFrames,HGain_dB,WaveformDuration_s,ChannelDuration_s,ErrorMessage
default_ChannelData,E:\matlab_project\v3.0\v3.0\channel\ChannelData.mat,BPSK,convolutional,1/2,1,0,100,1.80718914898286,34.8599277948194,46,48,48,13.7733877838939,0.04476,10,
default_ChannelData,E:\matlab_project\v3.0\v3.0\channel\ChannelData.mat,QPSK,convolutional,1/2,1,0,100,4.49374509271784,26.9478313306646,46,48,48,12.442027273087,0.02238,10,
default_ChannelData,E:\matlab_project\v3.0\v3.0\channel\ChannelData.mat,8PSK,convolutional,1/2,1,0,100,3.96489459418439,28.0353670762469,45,47,48,12.087106187143,0.01492,10,
default_ChannelData,E:\matlab_project\v3.0\v3.0\channel\ChannelData.mat,16QAM,convolutional,1/2,1,0,100,4.07202626981549,27.8037885780668,45,47,48,11.76705684842,0.01119,10,
default_ChannelData,E:\matlab_project\v3.0\v3.0\channel\ChannelData.mat,32QAM,convolutional,1/2,1,0,100,3.41290456126905,29.3375171239305,45,47,48,11.7709220217947,0.00895,10,
default_ChannelData,E:\matlab_project\v3.0\v3.0\channel\ChannelData.mat,GMSK,convolutional,1/2,1,0,100,3.78407290403765,28.4408101012386,46,48,48,13.7733792297652,0.04476,10,
std2_likely_TDL,E:\matlab_project\v3.0\v3.0\channel\2-ChannelData.mat,BPSK,convolutional,1/2,1,0,100,1.42653752056985,36.9143360222039,46,48,48,14.2681235915994,0.04476,10,
std2_likely_TDL,E:\matlab_project\v3.0\v3.0\channel\2-ChannelData.mat,QPSK,convolutional,1/2,1,0,100,2.01066529882671,33.9332043460999,46,48,48,12.3579386813616,0.02238,10,
std2_likely_TDL,E:\matlab_project\v3.0\v3.0\channel\2-ChannelData.mat,8PSK,convolutional,1/2,1,0,100,1.58494665489179,35.9997070080539,45,48,48,11.6367425214025,0.01492,10,
std2_likely_TDL,E:\matlab_project\v3.0\v3.0\channel\2-ChannelData.mat,16QAM,convolutional,1/2,1,0,100,3.97831158277312,28.0060241156354,45,47,48,10.6828500046341,0.01119,10,
std2_likely_TDL,E:\matlab_project\v3.0\v3.0\channel\2-ChannelData.mat,32QAM,convolutional,1/2,1,0,100,4.10576908967719,27.7321095839599,45,47,48,10.8450262575987,0.00895,10,
std2_likely_TDL,E:\matlab_project\v3.0\v3.0\channel\2-ChannelData.mat,GMSK,convolutional,1/2,1,0.00132335737960616,100,3.68881849622371,28.6622542634646,46,48,48,14.2679682172439,0.04476,10,
std3_likely_CDL,E:\matlab_project\v3.0\v3.0\channel\3-ChannelData.mat,BPSK,convolutional,1/2,1,1.7059855722363e-05,100,3.32570380246579,29.5623286602547,46,48,48,12.1041207934343,0.04476,10,
std3_likely_CDL,E:\matlab_project\v3.0\v3.0\channel\3-ChannelData.mat,QPSK,convolutional,1/2,1,0,100,3.66778926268785,28.7119125041025,46,48,48,11.2244090927691,0.02238,10,
std3_likely_CDL,E:\matlab_project\v3.0\v3.0\channel\3-ChannelData.mat,8PSK,convolutional,1/2,1,0,100,9.14228161896687,20.7789080965506,45,48,48,10.5714602266684,0.01492,10,
std3_likely_CDL,E:\matlab_project\v3.0\v3.0\channel\3-ChannelData.mat,16QAM,convolutional,1/2,1,0,100,5.28262040695889,25.5430119054585,45,47,48,9.6122980779856,0.01119,10,
std3_likely_CDL,E:\matlab_project\v3.0\v3.0\channel\3-ChannelData.mat,32QAM,convolutional,1/2,1,0,100,4.64664945635781,26.6572017899827,45,47,48,9.10399172243621,0.00895,10,
std3_likely_CDL,E:\matlab_project\v3.0\v3.0\channel\3-ChannelData.mat,GMSK,convolutional,1/2,1,0.0852969153417584,72.9166666666667,4.32235248300006,27.2855963956084,33,35,48,12.1039284143449,0.04476,10,
std4_likely_ITU_P681,E:\matlab_project\v3.0\v3.0\channel\4-ChannelData.mat,BPSK,convolutional,1/2,1,0,100,1.88318511618238,34.5021397389656,46,48,48,13.1390899426348,0.04476,10,
std4_likely_ITU_P681,E:\matlab_project\v3.0\v3.0\channel\4-ChannelData.mat,QPSK,convolutional,1/2,1,9.74848898420745e-06,100,1.79659620745481,34.9109904286577,46,48,48,12.9977314190009,0.02238,10,
std4_likely_ITU_P681,E:\matlab_project\v3.0\v3.0\channel\4-ChannelData.mat,8PSK,convolutional,1/2,1,0,100,1.45245813792353,36.7579275158376,45,47,48,11.8887399481955,0.01492,10,
std4_likely_ITU_P681,E:\matlab_project\v3.0\v3.0\channel\4-ChannelData.mat,16QAM,convolutional,1/2,1,0,100,2.75226708947429,31.2061884591928,45,47,48,11.0271412984838,0.01119,10,
std4_likely_ITU_P681,E:\matlab_project\v3.0\v3.0\channel\4-ChannelData.mat,32QAM,convolutional,1/2,1,0,100,3.6779178432233,28.6879595238907,45,47,48,11.0607867833983,0.00895,10,
std4_likely_ITU_P681,E:\matlab_project\v3.0\v3.0\channel\4-ChannelData.mat,GMSK,convolutional,1/2,1,0.000821310196919477,100,3.82664785081459,28.3436300420782,46,48,48,13.1391561656324,0.04476,10,
std5_likely_Jakes,E:\matlab_project\v3.0\v3.0\channel\ChannelData_5.mat,BPSK,convolutional,1/2,1,0,100,61.615749568681,4.20616527732254,46,48,48,-67.6011377488873,0.04476,2,
std5_likely_Jakes,E:\matlab_project\v3.0\v3.0\channel\ChannelData_5.mat,QPSK,convolutional,1/2,1,0,100,54.9287612321574,5.20400390382726,46,48,48,-67.9162939022528,0.02238,2,
std5_likely_Jakes,E:\matlab_project\v3.0\v3.0\channel\ChannelData_5.mat,8PSK,convolutional,1/2,1,0,100,33.0031693960414,9.62888702964393,45,47,48,-67.7876936179669,0.01492,2,
std5_likely_Jakes,E:\matlab_project\v3.0\v3.0\channel\ChannelData_5.mat,16QAM,convolutional,1/2,1,0.0672085201793722,93.6170212765958,21.4572673409856,13.3685117557871,42,44,48,-67.6893324110966,0.01119,2,
std5_likely_Jakes,E:\matlab_project\v3.0\v3.0\channel\ChannelData_5.mat,32QAM,convolutional,1/2,1,0.112343958308084,82.9787234042553,27.6356281988134,11.1706131762471,37,39,48,-67.6572069906326,0.00895,2,
std5_likely_Jakes,E:\matlab_project\v3.0\v3.0\channel\ChannelData_5.mat,GMSK,convolutional,1/2,1,0,100,33.6852817252726,9.45119632189198,46,48,48,-67.6010919035358,0.04476,2,
std6_likely_CLoo,E:\matlab_project\v3.0\v3.0\channel\ChannelData_6.mat,BPSK,convolutional,1/2,1,0,100,395.50196073554,-11.9429728178377,34,36,37,-71.9000606734908,0.04476,2,
std6_likely_CLoo,E:\matlab_project\v3.0\v3.0\channel\ChannelData_6.mat,QPSK,convolutional,1/2,1,0.5,0,38.9106144967921,8.19863821072614,0,11,48,-72.7788677618267,0.02238,2,
std6_likely_CLoo,E:\matlab_project\v3.0\v3.0\channel\ChannelData_6.mat,8PSK,convolutional,1/2,1,0,100,87.7611466564224,1.1339542211319,45,47,48,-73.435615688237,0.01492,2,
std6_likely_CLoo,E:\matlab_project\v3.0\v3.0\channel\ChannelData_6.mat,16QAM,convolutional,1/2,1,0.118881093591784,70.8333333333333,23.5443312516714,12.5622728131392,31,34,48,-74.4102774669979,0.01119,2,
std6_likely_CLoo,E:\matlab_project\v3.0\v3.0\channel\ChannelData_6.mat,32QAM,convolutional,1/2,1,0.191633034379671,71.7391304347826,34.8201033964345,9.16339887205077,30,33,48,-74.8883103900945,0.00895,2,
std6_likely_CLoo,E:\matlab_project\v3.0\v3.0\channel\ChannelData_6.mat,GMSK,convolutional,1/2,1,0.00719564856336157,60.4166666666667,32.671119330572,9.71671972202269,27,29,48,-71.9000200662957,0.04476,2,
std7_likely_Corazza,E:\matlab_project\v3.0\v3.0\channel\ChannelData_7.mat,BPSK,convolutional,1/2,1,0.0565511095780154,78.8461538461538,68.1491862386325,3.33078651314712,39,41,53,-74.9000740051297,0.04476,2,
std7_likely_Corazza,E:\matlab_project\v3.0\v3.0\channel\ChannelData_7.mat,QPSK,convolutional,1/2,1,0.5,0,38.9195931434152,8.19663416791608,0,14,48,-75.7788579123273,0.02238,2,
std7_likely_Corazza,E:\matlab_project\v3.0\v3.0\channel\ChannelData_7.mat,8PSK,convolutional,1/2,1,0,100,87.7581813825199,1.13424770495677,45,47,48,-76.4356156149495,0.01492,2,
std7_likely_Corazza,E:\matlab_project\v3.0\v3.0\channel\ChannelData_7.mat,16QAM,convolutional,1/2,1,0.136417991574942,76.0869565217391,23.5467225681499,12.5613906620996,33,35,48,-77.4096751512476,0.01119,2,
std7_likely_Corazza,E:\matlab_project\v3.0\v3.0\channel\ChannelData_7.mat,32QAM,convolutional,1/2,1,0.196470418052944,74.468085106383,34.5775387626317,9.22411846291291,31,35,48,-77.8836852928032,0.00895,2,
std7_likely_Corazza,E:\matlab_project\v3.0\v3.0\channel\ChannelData_7.mat,GMSK,convolutional,1/2,1,0.0169546293853864,75,32.4972009670701,9.76308087697977,34,36,48,-74.9000255864059,0.04476,2,
std8_likely_Lutz,E:\matlab_project\v3.0\v3.0\channel\ChannelData_8.mat,BPSK,convolutional,1/2,1,0.5,0,72.2643180397566,2.82152182828824,0,10,48,-66.5401033289255,0.04476,2,
std8_likely_Lutz,E:\matlab_project\v3.0\v3.0\channel\ChannelData_8.mat,QPSK,convolutional,1/2,1,0.5,0,89.2040617693897,0.992307404883034,0,12,48,-66.8604905900087,0.02238,2,
std8_likely_Lutz,E:\matlab_project\v3.0\v3.0\channel\ChannelData_8.mat,8PSK,convolutional,1/2,1,0,100,67.3044643926905,3.43912255005077,45,48,48,-66.734391700336,0.01492,2,
std8_likely_Lutz,E:\matlab_project\v3.0\v3.0\channel\ChannelData_8.mat,16QAM,convolutional,1/2,1,0.5,0,31.0262087927867,10.1654257844587,0,30,48,-66.6408429562115,0.01119,2,
std8_likely_Lutz,E:\matlab_project\v3.0\v3.0\channel\ChannelData_8.mat,32QAM,convolutional,1/2,1,0.347404007847534,74.468085106383,41.9958909180535,7.5358640200976,32,35,48,-66.6055085176607,0.00895,2,
std8_likely_Lutz,E:\matlab_project\v3.0\v3.0\channel\ChannelData_8.mat,GMSK,convolutional,1/2,1,0,100,68.2917627046222,3.31263354794239,46,48,48,-66.5401494187812,0.04476,2,
