Scenario,ModType,RSName,RSMessageLength,RSInterleavingDepth,InputBytes,CodedBytes,Seed,BER,LockRate_pct,FER,EVM_post_pct,MER_dB,SNR_est_dB,FrameErrors,CountedFrames,MatchedFrames,DecodedFrames,HGain_dB,Pass,Success,ErrorMsg,ElapsedTime_s
NoH_baseline,QPSK,"RS(255,223)_D1",223,1,223,255,1,0,100,0,1.51636334474858,36.3839344475317,36.3839344475277,0,32,34,34,0,1,1,,2.7470788
NoH_baseline,QPSK,"RS(255,223)_D2",223,2,446,510,1,0,100,0,1.52451797069883,36.3373490379189,36.3373490379149,0,32,34,34,0,1,1,,1.9353732
NoH_baseline,QPSK,"RS(255,223)_D3",223,3,669,765,1,0,100,0,1.51848830305945,36.3717709822083,36.3717709822042,0,32,34,34,0,1,1,,2.1718279
NoH_baseline,QPSK,"RS(255,223)_D4",223,4,892,1020,1,0,100,0,1.52177602234258,36.3529852616726,36.3529852616686,0,32,34,34,0,1,1,,2.3610815
NoH_baseline,QPSK,"RS(255,223)_D5",223,5,1115,1275,1,0,100,0,1.53713833976907,36.2657408999113,36.2657408999073,0,32,34,34,0,1,1,,2.5313777
NoH_baseline,QPSK,"RS(255,223)_D8",223,8,1784,2040,1,0,100,0,1.52859190625891,36.314168885815,36.314168885811,0,32,34,34,0,1,1,,2.6963758
NoH_baseline,QPSK,"RS(255,239)_D1",239,1,239,255,1,0,100,0,1.51506720298735,36.3913620595466,36.3913620595426,0,32,34,34,0,1,1,,1.4456055
NoH_baseline,QPSK,"RS(255,239)_D2",239,2,478,510,1,0,100,0,1.51894001934585,36.3691875086748,36.3691875086708,0,32,34,34,0,1,1,,1.7676772
NoH_baseline,QPSK,"RS(255,239)_D3",239,3,717,765,1,0,100,0,1.52274360886899,36.3474642921374,36.3474642921334,0,32,34,34,0,1,1,,2.102855
NoH_baseline,QPSK,"RS(255,239)_D4",239,4,956,1020,1,0,100,0,1.54073889827288,36.2454190575202,36.2454190575162,0,32,34,34,0,1,1,,2.3434685
NoH_baseline,QPSK,"RS(255,239)_D5",239,5,1195,1275,1,0,100,0,1.51629472521697,36.3843275163611,36.384327516357,0,32,34,34,0,1,1,,2.4521945
NoH_baseline,QPSK,"RS(255,239)_D8",239,8,1912,2040,1,0,100,0,1.5333987811063,36.2868977259782,36.2868977259742,0,32,34,34,0,1,1,,2.7345001
NoH_baseline,8PSK,"RS(255,223)_D1",223,1,223,255,1,0,97.0588235294118,0,1.51858659584431,36.3712087568366,36.3712087568326,0,31,33,34,0,1,1,,1.5670788
NoH_baseline,8PSK,"RS(255,223)_D2",223,2,446,510,1,0,100,0,1.51026969307297,36.4189098520835,36.4189098520794,0,31,34,34,0,1,1,,1.9531713
NoH_baseline,8PSK,"RS(255,223)_D3",223,3,669,765,1,0,100,0,1.50100838857476,36.4723376128087,36.4723376128045,0,32,34,34,0,1,1,,2.3189233
NoH_baseline,8PSK,"RS(255,223)_D4",223,4,892,1020,1,0,97.0588235294118,0,1.50809027735533,36.4314531987182,36.4314531987141,0,31,33,34,0,1,1,,2.5858894
NoH_baseline,8PSK,"RS(255,223)_D5",223,5,1115,1275,1,0,100,0,1.511525343154,36.4116913355893,36.4116913355852,0,32,34,34,0,1,1,,2.8725585
NoH_baseline,8PSK,"RS(255,223)_D8",223,8,1784,2040,1,0,100,0,1.53774983641759,36.2622862100697,36.2622862100658,0,32,34,34,0,1,1,,3.1492255
NoH_baseline,8PSK,"RS(255,239)_D1",239,1,239,255,1,0,97.0588235294118,0,1.51918619245901,36.3677799091557,36.3677799091516,0,31,33,34,0,1,1,,1.5006125
NoH_baseline,8PSK,"RS(255,239)_D2",239,2,478,510,1,0,100,0,1.53465838403196,36.27976567333,36.279765673326,0,31,34,34,0,1,1,,1.9390906
NoH_baseline,8PSK,"RS(255,239)_D3",239,3,717,765,1,0,100,0,1.51633598961966,36.3840911420171,36.3840911420131,0,32,34,34,0,1,1,,2.294283
NoH_baseline,8PSK,"RS(255,239)_D4",239,4,956,1020,1,0,97.0588235294118,0,1.51291621320842,36.4037024593488,36.4037024593447,0,31,33,34,0,1,1,,2.5721306
NoH_baseline,8PSK,"RS(255,239)_D5",239,5,1195,1275,1,0,100,0,1.49903527038335,36.4837629727519,36.4837629727478,0,32,34,34,0,1,1,,2.7781005
NoH_baseline,8PSK,"RS(255,239)_D8",239,8,1912,2040,1,0,100,0,1.54398454275239,36.2271410363649,36.227141036361,0,31,34,34,0,1,1,,3.1287192
NoH_baseline,16QAM,"RS(255,223)_D1",223,1,223,255,1,0.5,0,NaN,2.72383169134658,31.2963946295882,31.3687500050465,0,0,3,34,0,0,1,,1.7168253
NoH_baseline,16QAM,"RS(255,223)_D2",223,2,446,510,1,0.5,0,NaN,3.49915720649475,29.120730910962,29.1339134359101,0,0,5,34,0,0,1,,1.6344666
NoH_baseline,16QAM,"RS(255,223)_D3",223,3,669,765,1,0.5,0,NaN,2.8473019262075,30.9113295616382,30.875045107229,0,0,3,34,0,0,1,,1.8926085
NoH_baseline,16QAM,"RS(255,223)_D4",223,4,892,1020,1,0.5,0,NaN,2.96676618951346,30.5543335806081,30.6321526395286,0,0,4,34,0,0,1,,2.0373163
NoH_baseline,16QAM,"RS(255,223)_D5",223,5,1115,1275,1,0.5,0,NaN,3.02763176839304,30.3779389287474,30.3723763985988,0,0,9,34,0,0,1,,2.258804
NoH_baseline,16QAM,"RS(255,223)_D8",223,8,1784,2040,1,0.5,0,NaN,3.00818930099607,30.4338967539536,30.5048851338644,0,0,7,34,0,0,1,,2.5798548
NoH_baseline,16QAM,"RS(255,239)_D1",239,1,239,255,1,0.5,0,NaN,3.51133995207667,29.0905424413742,29.1519497856525,0,0,4,34,0,0,1,,1.3770826
NoH_baseline,16QAM,"RS(255,239)_D2",239,2,478,510,1,0.5,0,NaN,3.34790526140249,29.5045368022987,29.5618315091303,0,0,13,34,0,0,1,,1.6159736
NoH_baseline,16QAM,"RS(255,239)_D3",239,3,717,765,1,0.5,0,NaN,2.56952915199824,31.8029290152666,31.8147257888242,0,0,6,34,0,0,1,,1.9031865
NoH_baseline,16QAM,"RS(255,239)_D4",239,4,956,1020,1,0.5,0,NaN,2.72026343920384,31.3077807086363,31.377401662585,0,0,4,34,0,0,1,,2.112697
NoH_baseline,16QAM,"RS(255,239)_D5",239,5,1195,1275,1,0.5,0,NaN,3.00109457594741,30.454406361647,30.4509306153068,0,0,6,34,0,0,1,,2.2393662
NoH_baseline,16QAM,"RS(255,239)_D8",239,8,1912,2040,1,0.5,0,NaN,3.29343746742035,29.6470115620877,29.6128287021156,0,0,4,34,0,0,1,,2.5583402
NoH_baseline,GMSK,"RS(255,223)_D1",223,1,223,255,1,0,100,0,3.75815543518987,28.5005052337824,28.5005052337824,0,32,34,34,0,1,1,,1.7345104
NoH_baseline,GMSK,"RS(255,223)_D2",223,2,446,510,1,0,100,0,3.73598978299707,28.5518864025544,28.5518864025544,0,32,34,34,0,1,1,,2.1296603
NoH_baseline,GMSK,"RS(255,223)_D3",223,3,669,765,1,0,100,0,3.7514117033362,28.516105420929,28.516105420929,0,32,34,34,0,1,1,,2.3790896
NoH_baseline,GMSK,"RS(255,223)_D4",223,4,892,1020,1,0,100,0,3.72801691493051,28.5704425162521,28.5704425162521,0,32,34,34,0,1,1,,2.6040162
NoH_baseline,GMSK,"RS(255,223)_D5",223,5,1115,1275,1,0,100,0,3.73259241091808,28.5597886255484,28.5597886255484,0,32,34,34,0,1,1,,2.8153991
NoH_baseline,GMSK,"RS(255,223)_D8",223,8,1784,2040,1,0,100,0,3.73048770867731,28.5646877319699,28.5646877319699,0,32,34,34,0,1,1,,3.3884662
NoH_baseline,GMSK,"RS(255,239)_D1",239,1,239,255,1,0,100,0,3.74429729917174,28.5325935070989,28.5325935070989,0,32,34,34,0,1,1,,1.6048011
NoH_baseline,GMSK,"RS(255,239)_D2",239,2,478,510,1,0,100,0,3.7175888985388,28.5947727483421,28.5947727483421,0,32,34,34,0,1,1,,2.1205327
NoH_baseline,GMSK,"RS(255,239)_D3",239,3,717,765,1,0,100,0,3.72437319294802,28.5789361589829,28.5789361589829,0,32,34,34,0,1,1,,2.352868
NoH_baseline,GMSK,"RS(255,239)_D4",239,4,956,1020,1,0,100,0,3.73917670932704,28.5444802017447,28.5444802017447,0,32,34,34,0,1,1,,2.5406929
NoH_baseline,GMSK,"RS(255,239)_D5",239,5,1195,1275,1,0,100,0,3.72934531526643,28.5673480336512,28.5673480336512,0,32,34,34,0,1,1,,2.7013503
NoH_baseline,GMSK,"RS(255,239)_D8",239,8,1912,2040,1,0,100,0,3.72708251346571,28.5726198468488,28.5726198468488,0,32,34,34,0,1,1,,3.2574484
default_ChannelData,QPSK,"RS(255,223)_D1",223,1,223,255,1,0,100,0,1.54419668717972,36.2259476717604,36.2259476717565,0,32,34,34,17.1580787957683,1,1,,1.5658711
default_ChannelData,QPSK,"RS(255,223)_D2",223,2,446,510,1,0,100,0,2.73806303980896,31.2511311421121,31.2511311421109,0,32,34,34,18.5727522084798,1,1,,1.9281819
default_ChannelData,QPSK,"RS(255,223)_D3",223,3,669,765,1,0,100,0,2.74677360619047,31.223542688065,31.2235426880638,0,32,34,34,18.5725735395731,1,1,,2.2770187
default_ChannelData,QPSK,"RS(255,223)_D4",223,4,892,1020,1,0,100,0,3.37524533838867,29.4338930774833,29.4338930774825,0,32,34,34,18.1580336302109,1,1,,2.5430455
default_ChannelData,QPSK,"RS(255,223)_D5",223,5,1115,1275,1,0,100,0,1.69209277616758,35.4315165721216,35.4315165721184,0,32,34,34,17.9857973077414,1,1,,2.6862134
default_ChannelData,QPSK,"RS(255,223)_D8",223,8,1784,2040,1,0,100,0,7.55538739168999,22.4348652585043,22.4348652585041,0,32,34,34,17.9214106621795,1,1,,3.1505698
default_ChannelData,QPSK,"RS(255,239)_D1",239,1,239,255,1,0,100,0,1.54162693448309,36.2404142104978,36.2404142104939,0,32,34,34,17.1580849046437,1,1,,1.5243131
default_ChannelData,QPSK,"RS(255,239)_D2",239,2,478,510,1,0,100,0,2.67230612246592,31.462275866425,31.4622758664237,0,32,34,34,18.5727290085192,1,1,,1.9192694
default_ChannelData,QPSK,"RS(255,239)_D3",239,3,717,765,1,0,100,0,2.6967684276147,31.3831268990992,31.383126899098,0,32,34,34,18.5725581490615,1,1,,2.2492202
default_ChannelData,QPSK,"RS(255,239)_D4",239,4,956,1020,1,0,100,0,3.40564488986345,29.3560127670042,29.3560127670034,0,32,34,34,18.158038144204,1,1,,2.5430197
default_ChannelData,QPSK,"RS(255,239)_D5",239,5,1195,1275,1,0,100,0,1.68286841551957,35.4789968088001,35.4789968087968,0,32,34,34,17.9858092505248,1,1,,2.6676001
default_ChannelData,QPSK,"RS(255,239)_D8",239,8,1912,2040,1,0,100,0,7.94504327646144,21.9980746571692,21.9980746571691,0,32,34,34,17.9214896969079,1,1,,3.104636
default_ChannelData,8PSK,"RS(255,223)_D1",223,1,223,255,1,0,100,0,2.7780681328704,31.1251421455691,31.125142145568,0,32,34,34,16.131423005045,1,1,,1.5924048
default_ChannelData,8PSK,"RS(255,223)_D2",223,2,446,510,1,0,100,0,2.57824100184473,31.7735297855847,31.7735297855833,0,31,34,34,17.4224983517675,1,1,,2.0699637
default_ChannelData,8PSK,"RS(255,223)_D3",223,3,669,765,1,0,100,0,2.63790453197577,31.5748185198898,31.5748185198885,0,32,34,34,18.5672466714081,1,1,,2.4524546
default_ChannelData,8PSK,"RS(255,223)_D4",223,4,892,1020,1,0,100,0,3.1596034032591,30.0073485412111,30.0073485412102,0,31,34,34,18.6387036726231,1,1,,2.7559288
default_ChannelData,8PSK,"RS(255,223)_D5",223,5,1115,1275,1,0,97.0588235294118,0,2.83069590402115,30.962135670269,30.9621356702678,0,31,33,34,18.5184877737348,1,1,,2.9290914
default_ChannelData,8PSK,"RS(255,223)_D8",223,8,1784,2040,1,0,100,0,1.61564689242933,35.8330710076918,35.8330710076882,0,32,34,34,17.982621902179,1,1,,3.3757666
default_ChannelData,8PSK,"RS(255,239)_D1",239,1,239,255,1,0,97.0588235294118,0,2.77564046774861,31.1327357858501,31.1327357858489,0,31,33,34,16.1311175906899,1,1,,1.6027377
default_ChannelData,8PSK,"RS(255,239)_D2",239,2,478,510,1,0,100,0,2.5874864397391,31.7424383507925,31.7424383507912,0,31,34,34,17.4225372961638,1,1,,2.0165173
default_ChannelData,8PSK,"RS(255,239)_D3",239,3,717,765,1,0,100,0,2.64466285302257,31.5525936968066,31.5525936968053,0,31,34,34,18.5674432797253,1,1,,2.4512817
default_ChannelData,8PSK,"RS(255,239)_D4",239,4,956,1020,1,0,97.0588235294118,0,3.13217589806458,30.0830771327048,30.0830771327038,0,31,33,34,18.6389281433925,1,1,,2.737541
default_ChannelData,8PSK,"RS(255,239)_D5",239,5,1195,1275,1,0,100,0,2.83331809712399,30.9540932884798,30.9540932884787,0,32,34,34,18.5185204453708,1,1,,2.973793
default_ChannelData,8PSK,"RS(255,239)_D8",239,8,1912,2040,1,0,100,0,1.60145997163801,35.9096782403963,35.9096782403926,0,31,34,34,17.9827529066608,1,1,,3.4048596
default_ChannelData,16QAM,"RS(255,223)_D1",223,1,223,255,1,0.5,0,NaN,3.13565374586144,30.0734380049818,30.1457933804404,0,0,3,34,16.2524413938686,0,1,,1.4516646
default_ChannelData,16QAM,"RS(255,223)_D2",223,2,446,510,1,0.5,0,NaN,3.49318300728197,29.1355732230001,29.1487557479482,0,0,5,34,17.1533770803828,0,1,,1.7255292
default_ChannelData,16QAM,"RS(255,223)_D3",223,3,669,765,1,0.5,0,NaN,3.40797970881403,29.3500599939302,29.3137755395214,0,0,3,34,17.8212867072527,0,1,,1.9856872
default_ChannelData,16QAM,"RS(255,223)_D4",223,4,892,1020,1,0.5,0,NaN,3.73497094745793,28.5542554400655,28.6320744989863,0,0,4,34,18.577905466036,0,1,,2.2325541
default_ChannelData,16QAM,"RS(255,223)_D5",223,5,1115,1275,1,0.5,0,NaN,5.01478172604682,25.9949593076525,25.9467465701297,0,0,9,34,18.7468656467343,0,1,,2.3153184
default_ChannelData,16QAM,"RS(255,223)_D8",223,8,1784,2040,1,0.5,0,NaN,4.27353256617179,27.3842596435981,27.4552480235094,0,0,7,34,18.1666263807161,0,1,,2.8104875
default_ChannelData,16QAM,"RS(255,239)_D1",239,1,239,255,1,0.5,0,NaN,3.83974245392595,28.3139580886381,28.3753654329165,0,0,4,34,16.2494852076464,0,1,,1.4559757
default_ChannelData,16QAM,"RS(255,239)_D2",239,2,478,510,1,0.5,0,NaN,3.34458292903417,29.5131606246624,29.570455331494,0,0,13,34,17.1551835363608,0,1,,1.7349774
default_ChannelData,16QAM,"RS(255,239)_D3",239,3,717,765,1,0.5,0,NaN,3.25849506080906,29.7396586593335,29.7514554328916,0,0,6,34,17.820994029745,0,1,,1.9880153
default_ChannelData,16QAM,"RS(255,239)_D4",239,4,956,1020,1,0.5,0,NaN,3.49680574241781,29.1265698664792,29.1961908204285,0,0,4,34,18.5780345230239,0,1,,2.1986604
default_ChannelData,16QAM,"RS(255,239)_D5",239,5,1195,1275,1,0.5,0,NaN,5.19466122795982,25.6888553976511,25.6483647009584,0,0,5,34,18.7536749981367,0,1,,2.3562605
default_ChannelData,16QAM,"RS(255,239)_D8",239,8,1912,2040,1,0.5,0,NaN,4.42809171022107,27.0756678605163,27.0414850005446,0,0,4,34,18.1716572136555,0,1,,2.7776977
default_ChannelData,GMSK,"RS(255,223)_D1",223,1,223,255,1,0,100,0,4.17523867364553,27.5863738685919,27.5863738685919,0,32,34,34,18.6054767626277,1,1,,1.7715257
default_ChannelData,GMSK,"RS(255,223)_D2",223,2,446,510,1,0,100,0,4.2990860201867,27.3324773004108,27.3324773004108,0,32,34,34,18.1538440455445,1,1,,2.3464701
default_ChannelData,GMSK,"RS(255,223)_D3",223,3,669,765,1,0,100,0,3.7162760210604,28.5978407376391,28.5978407376391,0,32,34,34,18.0049071925994,1,1,,2.6630261
default_ChannelData,GMSK,"RS(255,223)_D4",223,4,892,1020,1,0,67.6470588235294,0,8.095919945092,21.8346758983678,21.8346758983678,0,21,23,34,17.9350461933797,0,1,,3.1390998
default_ChannelData,GMSK,"RS(255,223)_D5",223,5,1115,1275,1,0.0102707830286306,82.3529411764706,0.0384615384615385,9.40390658569411,20.5338338723521,20.5338338723521,1,26,28,34,17.6934584109114,0,1,,3.4494158
default_ChannelData,GMSK,"RS(255,223)_D8",223,8,1784,2040,1,0.0496223743214539,61.7647058823529,0.105263157894737,4.658042064511,26.6359318776303,26.6359318776303,2,19,21,34,17.6601981977762,0,1,,4.3700409
default_ChannelData,GMSK,"RS(255,239)_D1",239,1,239,255,1,0,100,0,4.16860109752747,27.6001932293103,27.6001932293103,0,32,34,34,18.6054767626277,1,1,,1.7657735
default_ChannelData,GMSK,"RS(255,239)_D2",239,2,478,510,1,0,61.7647058823529,0,4.34559917510601,27.2390066834923,27.2390066834923,0,19,21,34,18.1538440455445,0,1,,2.4188561
default_ChannelData,GMSK,"RS(255,239)_D3",239,3,717,765,1,0,100,0,3.74218269431517,28.5375002790176,28.5375002790176,0,32,34,34,18.0049071925994,1,1,,2.6785833
default_ChannelData,GMSK,"RS(255,239)_D4",239,4,956,1020,1,0,67.6470588235294,0,7.61569343010587,22.3658109360985,22.3658109360985,0,21,23,34,17.9350461933797,0,1,,3.1832943
default_ChannelData,GMSK,"RS(255,239)_D5",239,5,1195,1275,1,0.0121258448664306,82.3529411764706,0.0384615384615385,9.60955005344577,20.3459389352459,20.3459389352459,1,26,28,34,17.6934584109114,0,1,,3.4132457
default_ChannelData,GMSK,"RS(255,239)_D8",239,8,1912,2040,1,0,64.7058823529412,0,4.59364574410663,26.7568500013306,26.7568500013306,0,20,22,34,17.6601981977762,0,1,,4.2941482
std2_TDL,QPSK,"RS(255,223)_D1",223,1,223,255,1,0,100,0,4.78465380308507,26.4029896085225,26.4029896085221,0,32,34,34,16.2736909910638,1,1,,1.5118236
std2_TDL,QPSK,"RS(255,223)_D2",223,2,446,510,1,0,100,0,2.62580678769359,31.6147446671821,31.6147446671808,0,32,34,34,17.9128358649356,1,1,,1.914166
std2_TDL,QPSK,"RS(255,223)_D3",223,3,669,765,1,0,100,0,9.24413538596397,20.6826740528103,20.6826740528102,0,32,34,34,18.1817171353109,1,1,,2.2272381
std2_TDL,QPSK,"RS(255,223)_D4",223,4,892,1020,1,0,100,0,3.23475590976355,29.8031697004759,29.803169700475,0,32,34,34,17.9344059615297,1,1,,2.5357656
std2_TDL,QPSK,"RS(255,223)_D5",223,5,1115,1275,1,0,100,0,1.91178718456978,34.37120907918,34.3712090791775,0,32,34,34,17.489870351188,1,1,,2.6676784
std2_TDL,QPSK,"RS(255,223)_D8",223,8,1784,2040,1,0,100,0,2.18186219840386,33.2234536392307,33.2234536392288,0,32,34,34,17.856806928381,1,1,,3.1502376
std2_TDL,QPSK,"RS(255,239)_D1",239,1,239,255,1,0,100,0,4.76147709001595,26.4451660189846,26.4451660189842,0,32,34,34,16.2735460691407,1,1,,1.5221904
std2_TDL,QPSK,"RS(255,239)_D2",239,2,478,510,1,0,100,0,2.61306967435558,31.6569802035802,31.6569802035788,0,32,34,34,17.9125958079731,1,1,,1.910157
std2_TDL,QPSK,"RS(255,239)_D3",239,3,717,765,1,0,100,0,9.38795582023747,20.5485792572086,20.5485792572085,0,32,34,34,18.1816255691633,1,1,,2.2298872
std2_TDL,QPSK,"RS(255,239)_D4",239,4,956,1020,1,0,100,0,3.2248817051376,29.8297242298656,29.8297242298647,0,32,34,34,17.9345170028863,1,1,,2.5659007
std2_TDL,QPSK,"RS(255,239)_D5",239,5,1195,1275,1,0,100,0,1.88445223543639,34.4962973197589,34.4962973197563,0,32,34,34,17.489916218729,1,1,,2.6461686
std2_TDL,QPSK,"RS(255,239)_D8",239,8,1912,2040,1,0,100,0,2.19032423542644,33.1898318289177,33.1898318289158,0,32,34,34,17.8569130137818,1,1,,3.124466
std2_TDL,8PSK,"RS(255,223)_D1",223,1,223,255,1,0,97.0588235294118,0,1.84075144687,34.7000969897275,34.7000969897247,0,31,33,34,14.9590347731507,1,1,,1.595756
std2_TDL,8PSK,"RS(255,223)_D2",223,2,446,510,1,0,100,0,1.56664262938923,36.1006012038111,36.1006012038073,0,31,34,34,17.0706818852737,1,1,,2.0704871
std2_TDL,8PSK,"RS(255,223)_D3",223,3,669,765,1,0,100,0,2.42950808548788,32.2896330250268,32.2896330250253,0,32,34,34,17.9246454085924,1,1,,2.4583381
std2_TDL,8PSK,"RS(255,223)_D4",223,4,892,1020,1,0,100,0,2.1312521064287,33.4273034885421,33.42730348854,0,31,34,34,18.3408255714321,1,1,,2.800387
std2_TDL,8PSK,"RS(255,223)_D5",223,5,1115,1275,1,0,97.0588235294118,0,1.7312838279315,35.2326345546834,35.2326345546802,0,31,33,34,18.1571200813812,1,1,,3.0156726
std2_TDL,8PSK,"RS(255,223)_D8",223,8,1784,2040,1,0,100,0,1.60527746306678,35.8889978288667,35.8889978288631,0,32,34,34,17.6787897715717,1,1,,3.4647855
std2_TDL,8PSK,"RS(255,239)_D1",239,1,239,255,1,0,97.0588235294118,0,1.83523504848591,34.7261661080944,34.7261661080917,0,31,33,34,14.9587972089915,1,1,,1.6341037
std2_TDL,8PSK,"RS(255,239)_D2",239,2,478,510,1,0,97.0588235294118,0,1.60232500281212,35.9049878098248,35.9049878098211,0,31,33,34,17.070623585723,1,1,,2.0900597
std2_TDL,8PSK,"RS(255,239)_D3",239,3,717,765,1,0,100,0,2.43356281242568,32.2751487949612,32.2751487949596,0,31,34,34,17.9246316206379,1,1,,2.4445716
std2_TDL,8PSK,"RS(255,239)_D4",239,4,956,1020,1,0,97.0588235294118,0,2.129034330859,33.4363467093978,33.4363467093957,0,31,33,34,18.3409239930517,1,1,,2.7938365
std2_TDL,8PSK,"RS(255,239)_D5",239,5,1195,1275,1,0,100,0,1.72029011110116,35.2879661429426,35.2879661429395,0,31,34,34,18.1571372717767,1,1,,2.9932021
std2_TDL,8PSK,"RS(255,239)_D8",239,8,1912,2040,1,0,100,0,1.62024017716309,35.8084120562438,35.8084120562403,0,31,34,34,17.6788632721994,1,1,,3.5426505
std2_TDL,16QAM,"RS(255,223)_D1",223,1,223,255,1,0.5,0,NaN,2.6484076162719,31.5403034369584,31.6126588124166,0,0,4,34,14.7276600823184,0,1,,1.4692427
std2_TDL,16QAM,"RS(255,223)_D2",223,2,446,510,1,0.5,0,NaN,5.23411433612893,25.6231358937335,25.6189646641962,0,0,5,34,16.2951711505583,0,1,,1.7297397
std2_TDL,16QAM,"RS(255,223)_D3",223,3,669,765,1,0.5,0,NaN,3.52910046827877,29.0467195548295,29.0104351004207,0,0,3,34,17.495957627216,0,1,,1.9806912
std2_TDL,16QAM,"RS(255,223)_D4",223,4,892,1020,1,0.5,0,NaN,3.51187267965084,29.0892247501216,29.1670438090423,0,0,4,34,17.9230700045071,0,1,,2.2218798
std2_TDL,16QAM,"RS(255,223)_D5",223,5,1115,1275,1,0.5,0,NaN,3.13616194313681,30.0720303917238,30.0664678615752,0,0,9,34,18.4072260197323,0,1,,2.4176328
std2_TDL,16QAM,"RS(255,223)_D8",223,8,1784,2040,1,0.5,0,NaN,4.09388934980001,27.7572779937081,27.8275827144572,0,0,7,34,17.936526028173,0,1,,2.8081527
std2_TDL,16QAM,"RS(255,239)_D1",239,1,239,255,1,0.5,0,NaN,3.49367399409994,29.1343524574053,29.1957598016835,0,0,6,34,14.7313724399355,0,1,,1.4692408
std2_TDL,16QAM,"RS(255,239)_D2",239,2,478,510,1,0.5,0,NaN,5.27345132207292,25.5581011700022,25.5954630413762,0,0,13,34,16.2961333468771,0,1,,1.7322717
std2_TDL,16QAM,"RS(255,239)_D3",239,3,717,765,1,0.5,0,NaN,3.40588689305665,29.3553955745441,29.3671923481022,0,0,6,34,17.4922830919847,0,1,,2.0020295
std2_TDL,16QAM,"RS(255,239)_D4",239,4,956,1020,1,0.5,0,NaN,3.30254477113177,29.6230257227248,29.692646676674,0,0,4,34,17.9274198646095,0,1,,2.2726908
std2_TDL,16QAM,"RS(255,239)_D5",239,5,1195,1275,1,0.5,0,NaN,3.06440533481221,30.2730758054,30.2696000590599,0,0,5,34,18.417697394168,0,1,,2.3687711
std2_TDL,16QAM,"RS(255,239)_D8",239,8,1912,2040,1,0.5,0,NaN,4.32889510502549,27.272458752023,27.2382758920513,0,0,4,34,17.9375099692516,0,1,,2.7407032
std2_TDL,GMSK,"RS(255,223)_D1",223,1,223,255,1,0.0501058794220229,58.8235294117647,0.0555555555555556,4.20462064825906,27.5254636253816,27.5254636253816,1,18,20,34,17.882336190519,0,1,,1.8371739
std2_TDL,GMSK,"RS(255,223)_D2",223,2,446,510,1,0,85.2941176470588,0,4.3530616089205,27.2241037245071,27.2241037245071,0,27,29,34,17.928204000308,0,1,,2.3937427
std2_TDL,GMSK,"RS(255,223)_D3",223,3,669,765,1,0.0232793178420981,70.5882352941177,0.0909090909090909,3.73391108413633,28.556720562922,28.556720562922,2,22,24,34,17.6837599855356,0,1,,2.7969246
std2_TDL,GMSK,"RS(255,223)_D4",223,4,892,1020,1,0.000560538116591928,52.9411764705882,0.0625,3.93704368444046,28.0965953272272,28.0965953272272,1,16,18,34,17.8628957269125,0,1,,3.1277622
std2_TDL,GMSK,"RS(255,223)_D5",223,5,1115,1275,1,0.0554242842359434,50,0.153846153846154,4.14369998077666,27.6522339330654,27.6522339330654,2,13,17,34,17.7064768956917,0,1,,3.4124062
std2_TDL,GMSK,"RS(255,223)_D8",223,8,1784,2040,1,0.018187024761162,73.5294117647059,0.0869565217391304,3.75241744679079,28.5137770692226,28.5137770692226,2,23,25,34,17.6588251826167,0,1,,4.397497
std2_TDL,GMSK,"RS(255,239)_D1",239,1,239,255,1,0.000871687587168759,67.6470588235294,0.0476190476190476,4.24868342790572,27.4349125452401,27.4349125452401,1,21,23,34,17.882336190519,0,1,,1.8631108
std2_TDL,GMSK,"RS(255,239)_D2",239,2,478,510,1,0.040402719665272,64.7058823529412,0.1,4.30734743980939,27.3158019141501,27.3158019141501,2,20,22,34,17.928204000308,0,1,,2.4754347
std2_TDL,GMSK,"RS(255,239)_D3",239,3,717,765,1,0.0430613668061367,52.9411764705882,0.125,3.72247280657075,28.5833693234937,28.5833693234937,2,16,18,34,17.6837599855356,0,1,,2.8333891
std2_TDL,GMSK,"RS(255,239)_D4",239,4,956,1020,1,0.0327405857740586,64.7058823529412,0.1,3.91830582744058,28.1380333985439,28.1380333985439,2,20,22,34,17.8628957269125,0,1,,3.2774327
std2_TDL,GMSK,"RS(255,239)_D5",239,5,1195,1275,1,0.0202615062761506,64.7058823529412,0.05,4.15462343782597,27.6293666640011,27.6293666640011,1,20,22,34,17.7064768956917,0,1,,3.4757141
std2_TDL,GMSK,"RS(255,239)_D8",239,8,1912,2040,1,0.0423432151007988,70.5882352941177,0.136363636363636,3.72353790634437,28.5808844119062,28.5808844119062,3,22,24,34,17.6588251826167,0,1,,4.3993773
std3_CDL,QPSK,"RS(255,223)_D1",223,1,223,255,1,0,100,0,4.86275131262156,26.262358804885,26.2623588048846,0,32,34,34,16.5071424779498,1,1,,1.530717
std3_CDL,QPSK,"RS(255,223)_D2",223,2,446,510,1,0,100,0,6.35487469405196,23.9378601696056,23.9378601696054,0,32,34,34,17.4719005235361,1,1,,1.9499399
std3_CDL,QPSK,"RS(255,223)_D3",223,3,669,765,1,0,100,0,1.91420668229746,34.360223440533,34.3602234405304,0,32,34,34,17.7272796121922,1,1,,2.2636983
std3_CDL,QPSK,"RS(255,223)_D4",223,4,892,1020,1,0,100,0,8.27811360725621,21.6413723543903,21.6413723543902,0,32,34,34,17.5057297388467,1,1,,2.4726286
std3_CDL,QPSK,"RS(255,223)_D5",223,5,1115,1275,1,0,100,0,1.79664557498172,34.9107517578883,34.9107517578854,0,32,34,34,17.5194305278466,1,1,,2.6106303
std3_CDL,QPSK,"RS(255,223)_D8",223,8,1784,2040,1,0,100,0,4.6043850113609,26.7365673701826,26.7365673701821,0,32,34,34,17.8877834051277,1,1,,3.0217599
std3_CDL,QPSK,"RS(255,239)_D1",239,1,239,255,1,0,100,0,4.56030092722259,26.8201299593425,26.8201299593421,0,32,34,34,16.5070808783544,1,1,,1.4772141
std3_CDL,QPSK,"RS(255,239)_D2",239,2,478,510,1,0,100,0,6.49069003944707,23.7541825989887,23.7541825989885,0,32,34,34,17.4721102508274,1,1,,1.8624706
std3_CDL,QPSK,"RS(255,239)_D3",239,3,717,765,1,0,100,0,1.96696211909439,34.1240800779394,34.1240800779371,0,32,34,34,17.7275500574324,1,1,,2.1968015
std3_CDL,QPSK,"RS(255,239)_D4",239,4,956,1020,1,0,100,0,8.42836736041963,21.4851308681935,21.4851308681933,0,32,34,34,17.5059900061646,1,1,,2.5002653
std3_CDL,QPSK,"RS(255,239)_D5",239,5,1195,1275,1,0,100,0,1.7777644881119,35.0025154667319,35.0025154667289,0,32,34,34,17.5195693042271,1,1,,2.6024305
std3_CDL,QPSK,"RS(255,239)_D8",239,8,1912,2040,1,0,100,0,4.47488161100057,26.9843690007906,26.9843690007902,0,32,34,34,17.8877081352032,1,1,,3.0384421
std3_CDL,8PSK,"RS(255,223)_D1",223,1,223,255,1,0,97.0588235294118,0,1.96204128532701,34.1458371684683,34.1458371684659,0,31,33,34,15.8005829813528,1,1,,1.5506906
std3_CDL,8PSK,"RS(255,223)_D2",223,2,446,510,1,0,97.0588235294118,0,2.32802110140306,32.6602617503623,32.6602617503606,0,31,33,34,16.6511334468402,1,1,,1.9892363
std3_CDL,8PSK,"RS(255,223)_D3",223,3,669,765,1,0,97.0588235294118,0,6.11439915468155,24.2729242692897,24.2729242692895,0,31,33,34,17.4698820820691,1,1,,2.3743739
std3_CDL,8PSK,"RS(255,223)_D4",223,4,892,1020,1,0,97.0588235294118,0,4.70987586962999,26.5398107739618,26.5398107739614,0,31,33,34,17.5458785572171,1,1,,2.6789906
std3_CDL,8PSK,"RS(255,223)_D5",223,5,1115,1275,1,0,100,0,1.77901533175689,34.9964061820119,34.996406182009,0,31,34,34,17.6853679437849,1,1,,2.8818722
std3_CDL,8PSK,"RS(255,223)_D8",223,8,1784,2040,1,0,100,0,1.68141146024343,35.4865199364795,35.4865199364762,0,32,34,34,17.6430980493969,1,1,,3.3019104
std3_CDL,8PSK,"RS(255,239)_D1",239,1,239,255,1,0,100,0,1.96313536635618,34.140995059099,34.1409950590966,0,32,34,34,15.8000480913559,1,1,,1.5551439
std3_CDL,8PSK,"RS(255,239)_D2",239,2,478,510,1,0,97.0588235294118,0,2.31887071115479,32.6944692962986,32.6944692962969,0,31,33,34,16.6508048251009,1,1,,1.9782832
std3_CDL,8PSK,"RS(255,239)_D3",239,3,717,765,1,0,97.0588235294118,0,6.07983722932032,24.3221609518948,24.3221609518946,0,31,33,34,17.469835001867,1,1,,2.3946645
std3_CDL,8PSK,"RS(255,239)_D4",239,4,956,1020,1,0,100,0,4.62586020031791,26.6961499265433,26.6961499265428,0,32,34,34,17.5462822790281,1,1,,2.6884532
std3_CDL,8PSK,"RS(255,239)_D5",239,5,1195,1275,1,0,97.0588235294118,0,1.75858687692564,35.09672343989,35.096723439887,0,31,33,34,17.6854068278824,1,1,,2.8777738
std3_CDL,8PSK,"RS(255,239)_D8",239,8,1912,2040,1,0,97.0588235294118,0,1.6835156807429,35.4756566822995,35.4756566822962,0,31,33,34,17.6432657086109,1,1,,3.3433405
std3_CDL,16QAM,"RS(255,223)_D1",223,1,223,255,1,0.5,0,NaN,4.68405990802539,26.5875511807959,26.6503285392244,0,0,6,34,16.0382856774738,0,1,,1.430617
std3_CDL,16QAM,"RS(255,223)_D2",223,2,446,510,1,0.5,0,NaN,5.57674317556971,25.0723871101729,25.0765543372498,0,0,5,34,16.4551786622194,0,1,,1.6554812
std3_CDL,16QAM,"RS(255,223)_D3",223,3,669,765,1,0.5,0,NaN,4.08541408303276,27.7752783671492,27.7389939127406,0,0,3,34,17.0427959202991,0,1,,1.9156005
std3_CDL,16QAM,"RS(255,223)_D4",223,4,892,1020,1,0.5,0,NaN,4.92021051838081,26.1603262982496,26.2093840280861,0,0,4,34,17.4823078310026,0,1,,2.1306507
std3_CDL,16QAM,"RS(255,223)_D5",223,5,1115,1275,1,0.5,0,NaN,3.55895894858315,28.9735404282154,28.9679778980671,0,0,9,34,17.6475132260209,0,1,,2.2758686
std3_CDL,16QAM,"RS(255,223)_D8",223,8,1784,2040,1,0.5,0,NaN,6.33687736506388,23.9624939502564,23.9798310783462,0,0,7,34,17.5059176983136,0,1,,2.6818956
std3_CDL,16QAM,"RS(255,239)_D1",239,1,239,255,1,0.5,0,NaN,5.20693022651469,25.6683648376621,25.7187964823533,0,0,4,34,16.0463625721567,0,1,,1.4254106
std3_CDL,16QAM,"RS(255,239)_D2",239,2,478,510,1,0.5,0,NaN,5.43378266667205,25.2979547182617,25.3470124480983,0,0,13,34,16.4872729097744,0,1,,1.6704781
std3_CDL,16QAM,"RS(255,239)_D3",239,3,717,765,1,0.5,0,NaN,3.84866766795701,28.2937917713723,28.3055885449307,0,0,6,34,17.0564819175016,0,1,,1.9184417
std3_CDL,16QAM,"RS(255,239)_D4",239,4,956,1020,1,0.5,0,NaN,4.62984194460382,26.6886766969543,26.729481797573,0,0,4,34,17.488881142477,0,1,,2.1191955
std3_CDL,16QAM,"RS(255,239)_D5",239,5,1195,1275,1,0.5,0,NaN,3.51472382945321,29.0821758826216,29.0787001362817,0,0,6,34,17.6704390205262,0,1,,2.265285
std3_CDL,16QAM,"RS(255,239)_D8",239,8,1912,2040,1,0.5,0,NaN,6.57297909489166,23.6447549794881,23.5626844529221,0,0,4,34,17.5194519416803,0,1,,2.6732846
std3_CDL,GMSK,"RS(255,223)_D1",223,1,223,255,1,0.0238579035874439,100,0.03125,6.71404427857715,23.4603159788339,23.4603159788339,1,32,34,34,17.4666869787998,0,1,,1.7792628
std3_CDL,GMSK,"RS(255,223)_D2",223,2,446,510,1,0.0192288945213492,73.5294117647059,0.0434782608695652,8.24192845836819,21.6794231912074,21.6794231912074,1,23,25,34,17.5054122214683,0,1,,2.3340485
std3_CDL,GMSK,"RS(255,223)_D3",223,3,669,765,1,0.0639714125560538,52.9411764705882,0.125,3.70967493108691,28.6132828956798,28.6132828956798,2,16,18,34,17.6951263310777,0,1,,2.7127116
std3_CDL,GMSK,"RS(255,223)_D4",223,4,892,1020,1,0.0529816315971025,82.3529411764706,0.0769230769230769,5.36717806404531,25.4050799222843,25.4050799222843,2,26,28,34,17.9107433380661,0,1,,3.0196106
std3_CDL,GMSK,"RS(255,223)_D5",223,5,1115,1275,1,0.0241992312620115,67.6470588235294,0.0952380952380952,5.16263317368534,25.7425746453037,25.7425746453037,2,21,23,34,17.7553922134589,0,1,,3.3088328
std3_CDL,GMSK,"RS(255,223)_D8",223,8,1784,2040,1,0.0593163186659193,52.9411764705882,0.125,4.41533882734059,27.1007192723144,27.1007192723144,2,16,18,34,17.7868474125977,0,1,,4.1810518
std3_CDL,GMSK,"RS(255,239)_D1",239,1,239,255,1,0.0323178172942817,76.4705882352941,0.0416666666666667,6.68597679815789,23.4967026968058,23.4967026968058,1,24,26,34,17.4666869787998,0,1,,1.7845645
std3_CDL,GMSK,"RS(255,239)_D2",239,2,478,510,1,0,50,0,8.25773695485451,21.6627791085062,21.6627791085062,0,15,17,34,17.5054122214683,0,1,,2.3408095
std3_CDL,GMSK,"RS(255,239)_D3",239,3,717,765,1,0.00977631155455423,82.3529411764706,0.0384615384615385,3.76661799963519,28.4809684510598,28.4809684510598,1,26,28,34,17.6951263310777,0,1,,2.6180432
std3_CDL,GMSK,"RS(255,239)_D4",239,4,956,1020,1,0.0299273817186997,82.3529411764706,0.0384615384615385,5.45231922646651,25.2683744938923,25.2683744938923,1,26,28,34,17.9107433380661,0,1,,3.0285454
std3_CDL,GMSK,"RS(255,239)_D5",239,5,1195,1275,1,0.0162382944809723,67.6470588235294,0.0952380952380952,5.21688574513735,25.6517734928852,25.6517734928852,2,21,23,34,17.7553922134589,0,1,,3.3135697
std3_CDL,GMSK,"RS(255,239)_D8",239,8,1912,2040,1,0.0550601464435146,64.7058823529412,0.1,4.4503291907344,27.032157261587,27.032157261587,2,20,22,34,17.7868474125977,0,1,,4.1652413
std4_ITU_P681,QPSK,"RS(255,223)_D1",223,1,223,255,1,0,100,0,2.19099044337065,33.1871903346867,33.1871903346848,0,32,34,34,15.927963398836,1,1,,1.5004587
std4_ITU_P681,QPSK,"RS(255,223)_D2",223,2,446,510,1,0,100,0,2.29102519490286,32.7994026950673,32.7994026950656,0,32,34,34,16.9179642752295,1,1,,1.875154
std4_ITU_P681,QPSK,"RS(255,223)_D3",223,3,669,765,1,0,100,0,2.89689085837346,30.7613573344407,30.7613573344396,0,32,34,34,16.8350724917455,1,1,,2.3596185
std4_ITU_P681,QPSK,"RS(255,223)_D4",223,4,892,1020,1,0,100,0,8.60513684139475,21.3048443800809,21.3048443800808,0,32,34,34,16.9855005577361,1,1,,2.5714005
std4_ITU_P681,QPSK,"RS(255,223)_D5",223,5,1115,1275,1,0,100,0,1.6381272654864,35.7130472218239,35.7130472218204,0,32,34,34,17.3649380461767,1,1,,2.7637363
std4_ITU_P681,QPSK,"RS(255,223)_D8",223,8,1784,2040,1,0,100,0,2.59551876588823,31.7155165355312,31.7155165355298,0,32,34,34,18.0101442970565,1,1,,3.1987636
std4_ITU_P681,QPSK,"RS(255,239)_D1",239,1,239,255,1,0,100,0,2.2004115451659,33.1499217010161,33.1499217010142,0,32,34,34,15.9278712662888,1,1,,1.5470902
std4_ITU_P681,QPSK,"RS(255,239)_D2",239,2,478,510,1,0,100,0,2.29409883199019,32.7877575241317,32.78775752413,0,32,34,34,16.9180038775375,1,1,,2.0363512
std4_ITU_P681,QPSK,"RS(255,239)_D3",239,3,717,765,1,0,100,0,2.88442360554565,30.7988191783485,30.7988191783474,0,32,34,34,16.8352628915731,1,1,,2.3511357
std4_ITU_P681,QPSK,"RS(255,239)_D4",239,4,956,1020,1,0,100,0,8.54345116392065,21.367333174795,21.3673331747949,0,32,34,34,16.9857869945871,1,1,,2.4921904
std4_ITU_P681,QPSK,"RS(255,239)_D5",239,5,1195,1275,1,0,100,0,1.56764563413458,36.0950420541162,36.0950420541124,0,32,34,34,17.3651503672894,1,1,,2.6382935
std4_ITU_P681,QPSK,"RS(255,239)_D8",239,8,1912,2040,1,0,100,0,2.52765814423702,31.9456332605678,31.9456332605664,0,32,34,34,18.0101650857151,1,1,,3.0358014
std4_ITU_P681,8PSK,"RS(255,223)_D1",223,1,223,255,1,0,97.0588235294118,0,2.1854457135338,33.2091995382843,33.2091995382823,0,31,33,34,16.1809443146335,1,1,,1.5640373
std4_ITU_P681,8PSK,"RS(255,223)_D2",223,2,446,510,1,0,100,0,3.49635331287726,29.1276937514166,29.1276937514159,0,32,34,34,16.2599468632356,1,1,,2.0152728
std4_ITU_P681,8PSK,"RS(255,223)_D3",223,3,669,765,1,0,100,0,2.21857168241947,33.078530691878,33.0785306918761,0,31,34,34,16.9260558029467,1,1,,2.4015004
std4_ITU_P681,8PSK,"RS(255,223)_D4",223,4,892,1020,1,0,100,0,4.99943481963625,26.0215817876273,26.0215817876269,0,32,34,34,16.8835255127684,1,1,,2.724471
std4_ITU_P681,8PSK,"RS(255,223)_D5",223,5,1115,1275,1,0,100,0,2.64462154535345,31.5527293650098,31.5527293650085,0,31,34,34,17.0308516878135,1,1,,2.9409566
std4_ITU_P681,8PSK,"RS(255,223)_D8",223,8,1784,2040,1,0,100,0,1.78314940815766,34.9762453247156,34.9762453247127,0,32,34,34,17.4673161174624,1,1,,3.3468628
std4_ITU_P681,8PSK,"RS(255,239)_D1",239,1,239,255,1,0,100,0,2.18104248307033,33.2267175001331,33.2267175001312,0,31,34,34,16.1809465077034,1,1,,1.5690793
std4_ITU_P681,8PSK,"RS(255,239)_D2",239,2,478,510,1,0,100,0,3.48385726935943,29.1587929194376,29.1587929194369,0,31,34,34,16.25965528985,1,1,,2.0151187
std4_ITU_P681,8PSK,"RS(255,239)_D3",239,3,717,765,1,0,97.0588235294118,0,2.23134203430729,33.028677063827,33.0286770638252,0,31,33,34,16.9260436668148,1,1,,2.3908756
std4_ITU_P681,8PSK,"RS(255,239)_D4",239,4,956,1020,1,0,100,0,5.04879628785297,25.9362430429972,25.9362430429969,0,31,34,34,16.8837891459768,1,1,,2.6768725
std4_ITU_P681,8PSK,"RS(255,239)_D5",239,5,1195,1275,1,0,97.0588235294118,0,2.63883332336205,31.5717608051492,31.5717608051479,0,31,33,34,17.0306500219319,1,1,,2.9198704
std4_ITU_P681,8PSK,"RS(255,239)_D8",239,8,1912,2040,1,0,97.0588235294118,0,1.77267183362529,35.0274331169378,35.0274331169349,0,31,33,34,17.4673625262025,1,1,,3.3168365
std4_ITU_P681,16QAM,"RS(255,223)_D1",223,1,223,255,1,0.5,0,NaN,3.04226013616365,30.3360730648967,30.4084284403553,0,0,2,34,15.8749564521397,0,1,,1.4020502
std4_ITU_P681,16QAM,"RS(255,223)_D2",223,2,446,510,1,0.5,0,NaN,3.94153405062536,28.0866943449303,28.0998768698786,0,0,5,34,15.896780161317,0,1,,1.6497226
std4_ITU_P681,16QAM,"RS(255,223)_D3",223,3,669,765,1,0.5,0,NaN,5.1394556812489,25.7816574922649,25.7404653589529,0,0,3,34,16.6538642051407,0,1,,1.9116941
std4_ITU_P681,16QAM,"RS(255,223)_D4",223,4,892,1020,1,0.5,0,NaN,3.41820638707911,29.3240343731857,29.4018534321065,0,0,4,34,16.9310974195468,0,1,,2.1179721
std4_ITU_P681,16QAM,"RS(255,223)_D5",223,5,1115,1275,1,0.5,0,NaN,3.73496142917711,28.5542775754029,28.5487150452546,0,0,9,34,16.9192010372615,0,1,,2.2766206
std4_ITU_P681,16QAM,"RS(255,223)_D8",223,8,1784,2040,1,0.5,0,NaN,6.13497920468831,24.2437381006447,24.2707538744892,0,0,6,34,16.9879612631894,0,1,,2.6866699
std4_ITU_P681,16QAM,"RS(255,239)_D1",239,1,239,255,1,0.5,0,NaN,3.81215965270725,28.3765783892268,28.4379857335052,0,0,3,34,15.8848761247091,0,1,,1.4043035
std4_ITU_P681,16QAM,"RS(255,239)_D2",239,2,478,510,1,0.5,0,NaN,3.83716639256175,28.3197873582042,28.377082065036,0,0,13,34,15.922441936639,0,1,,1.649208
std4_ITU_P681,16QAM,"RS(255,239)_D3",239,3,717,765,1,0.5,0,NaN,4.82147949412134,26.3363935192886,26.3461108363464,0,0,6,34,16.6732258860308,0,1,,1.9079819
std4_ITU_P681,16QAM,"RS(255,239)_D4",239,4,956,1020,1,0.5,0,NaN,3.16160104300943,30.0018586763814,30.0714796303304,0,0,4,34,16.944256761555,0,1,,2.09865
std4_ITU_P681,16QAM,"RS(255,239)_D5",239,5,1195,1275,1,0.5,0,NaN,3.67619702999775,28.6920244030217,28.6885486566818,0,0,6,34,16.9460175842876,0,1,,2.2536807
std4_ITU_P681,16QAM,"RS(255,239)_D8",239,8,1912,2040,1,0.5,0,NaN,6.3651540414564,23.923821632681,23.8424591757047,0,0,4,34,16.9985705823073,0,1,,2.6608962
std4_ITU_P681,GMSK,"RS(255,223)_D1",223,1,223,255,1,0.0145553064275037,94.1176470588235,0.0333333333333333,4.0306510003738,27.8924960844385,27.8924960844385,1,30,32,34,16.8898119768501,0,1,,1.7503065
std4_ITU_P681,GMSK,"RS(255,223)_D2",223,2,446,510,1,0.00023542600896861,79.4117647058823,0.04,8.70242104227732,21.2071981682479,21.2071981682479,1,25,27,34,16.9941053457819,0,1,,2.3327034
std4_ITU_P681,GMSK,"RS(255,223)_D3",223,3,669,765,1,0.0513716697441308,55.8823529411765,0.0588235294117647,3.73207383011748,28.5609954673453,28.5609954673453,1,17,19,34,17.6123620513435,0,1,,2.6569061
std4_ITU_P681,GMSK,"RS(255,223)_D4",223,4,892,1020,1,0.0119581464872945,85.2941176470588,0.037037037037037,4.0967109804122,27.7512934816874,27.7512934816874,1,27,29,34,18.0313694271632,0,1,,3.0275051
std4_ITU_P681,GMSK,"RS(255,223)_D5",223,5,1115,1275,1,0.0333800448430493,100,0.0625,3.9031510948078,28.1716927285581,28.1716927285581,2,32,34,34,18.1062596733862,0,1,,3.3145728
std4_ITU_P681,GMSK,"RS(255,223)_D8",223,8,1784,2040,1,0.0787614443198804,52.9411764705882,0.166666666666667,5.46462273959712,25.248796300147,25.248796300147,2,12,18,34,17.8809520846955,0,1,,4.1632157
std4_ITU_P681,GMSK,"RS(255,239)_D1",239,1,239,255,1,0,100,0,4.0758110898913,27.7957190670072,27.7957190670072,0,32,34,34,16.8898119768501,1,1,,1.7057216
std4_ITU_P681,GMSK,"RS(255,239)_D2",239,2,478,510,1,0,52.9411764705882,0,9.00066555984448,20.9145075039232,20.9145075039232,0,16,18,34,16.9941053457819,0,1,,2.3253649
std4_ITU_P681,GMSK,"RS(255,239)_D3",239,3,717,765,1,0.0121014283653153,91.1764705882353,0.0344827586206897,3.72945901146546,28.5670832317891,28.5670832317891,1,29,31,34,17.6123620513435,0,1,,2.6759577
std4_ITU_P681,GMSK,"RS(255,239)_D4",239,4,956,1020,1,0.0442242772917459,70.5882352941177,0.0909090909090909,4.02060764107816,27.9141661262471,27.9141661262471,2,22,24,34,18.0313694271632,0,1,,3.0251422
std4_ITU_P681,GMSK,"RS(255,239)_D5",239,5,1195,1275,1,0.0150132129486897,61.7647058823529,0.0526315789473684,3.96906879458597,28.0262274708355,28.0262274708355,1,19,21,34,18.1062596733862,0,1,,3.2954607
std4_ITU_P681,GMSK,"RS(255,239)_D8",239,8,1912,2040,1,0.0545583034469018,67.6470588235294,0.0952380952380952,5.35715009548064,25.4213237097434,25.4213237097434,2,21,23,34,17.8809520846955,0,1,,4.1386073
std5_Jakes,QPSK,"RS(255,223)_D1",223,1,223,255,1,0,100,0,1.55717361119479,36.1532592941659,36.1532592941621,0,32,34,34,-65.2674574670608,1,1,,1.4463097
std5_Jakes,QPSK,"RS(255,223)_D2",223,2,446,510,1,0,100,0,1.51971318726959,36.3647673587297,36.3647673587257,0,32,34,34,-65.3307154791939,1,1,,1.8247148
std5_Jakes,QPSK,"RS(255,223)_D3",223,3,669,765,1,0,100,0,1.45826516557092,36.7232699665408,36.7232699665364,0,32,34,34,-65.2171330583518,1,1,,2.1379606
std5_Jakes,QPSK,"RS(255,223)_D4",223,4,892,1020,1,0,100,0,1.68673430095281,35.4590664657985,35.4590664657952,0,32,34,34,-65.2987935431437,1,1,,2.408996
std5_Jakes,QPSK,"RS(255,223)_D5",223,5,1115,1275,1,0,100,0,1.73044471840437,35.2368454064541,35.236845406451,0,32,34,34,-65.4570380154618,1,1,,2.5594371
std5_Jakes,QPSK,"RS(255,223)_D8",223,8,1784,2040,1,0,100,0,1.4661444468771,36.6764648041119,36.6764648041075,0,32,34,34,-65.3008014331077,1,1,,2.9864555
std5_Jakes,QPSK,"RS(255,239)_D1",239,1,239,255,1,0,100,0,1.57942244318986,36.0300339013069,36.0300339013031,0,32,34,34,-65.2674636056024,1,1,,1.44133
std5_Jakes,QPSK,"RS(255,239)_D2",239,2,478,510,1,0,100,0,1.49677234110734,36.4968850154446,36.4968850154405,0,32,34,34,-65.3306669753473,1,1,,1.8160907
std5_Jakes,QPSK,"RS(255,239)_D3",239,3,717,765,1,0,100,0,1.4724017934008,36.6394732449963,36.639473244992,0,32,34,34,-65.2170241373219,1,1,,2.1316639
std5_Jakes,QPSK,"RS(255,239)_D4",239,4,956,1020,1,0,100,0,1.70548073240564,35.3630636530375,35.3630636530343,0,32,34,34,-65.298677293128,1,1,,2.4477294
std5_Jakes,QPSK,"RS(255,239)_D5",239,5,1195,1275,1,0,100,0,1.72288795816291,35.2748592883434,35.2748592883402,0,32,34,34,-65.4569551900574,1,1,,2.5610573
std5_Jakes,QPSK,"RS(255,239)_D8",239,8,1912,2040,1,0,100,0,1.49373139347233,36.5145498284669,36.5145498284627,0,32,34,34,-65.3007564326287,1,1,,2.9736454
std5_Jakes,8PSK,"RS(255,223)_D1",223,1,223,255,1,0,100,0,1.60405855947388,35.8955956188906,35.895595618887,0,31,34,34,-65.3743379563266,1,1,,1.5044508
std5_Jakes,8PSK,"RS(255,223)_D2",223,2,446,510,1,0,100,0,1.62592304980917,35.7780002429085,35.778000242905,0,31,34,34,-65.1532689872435,1,1,,1.9559618
std5_Jakes,8PSK,"RS(255,223)_D3",223,3,669,765,1,0,97.0588235294118,0,1.49775076336481,36.4912090077775,36.4912090077733,0,31,33,34,-65.3337499740108,1,1,,2.3309838
std5_Jakes,8PSK,"RS(255,223)_D4",223,4,892,1020,1,0,100,0,1.63776416624809,35.7149727068348,35.7149727068313,0,31,34,34,-65.2210829762565,1,1,,2.6460039
std5_Jakes,8PSK,"RS(255,223)_D5",223,5,1115,1275,1,0,97.0588235294118,0,1.5961188316892,35.9386955676539,35.9386955676503,0,31,33,34,-65.2540745899559,1,1,,2.8435398
std5_Jakes,8PSK,"RS(255,223)_D8",223,8,1784,2040,1,0,100,0,1.58927043527666,35.9760439116724,35.9760439116687,0,32,34,34,-65.4495720310649,1,1,,3.2617539
std5_Jakes,8PSK,"RS(255,239)_D1",239,1,239,255,1,0,97.0588235294118,0,1.6135569472262,35.8443140488994,35.8443140488958,0,31,33,34,-65.3744319224852,1,1,,1.5152658
std5_Jakes,8PSK,"RS(255,239)_D2",239,2,478,510,1,0,100,0,1.61239836067445,35.8505530413198,35.8505530413162,0,31,34,34,-65.1532148962603,1,1,,1.9369375
std5_Jakes,8PSK,"RS(255,239)_D3",239,3,717,765,1,0,100,0,1.5043016932507,36.4533011129927,36.4533011129885,0,32,34,34,-65.333842051341,1,1,,2.3316483
std5_Jakes,8PSK,"RS(255,239)_D4",239,4,956,1020,1,0,100,0,1.61374436270799,35.8433052368693,35.8433052368657,0,31,34,34,-65.2209652338381,1,1,,2.6444647
std5_Jakes,8PSK,"RS(255,239)_D5",239,5,1195,1275,1,0,100,0,1.60474938702747,35.8918556306569,35.8918556306532,0,31,34,34,-65.2540528912832,1,1,,2.8557814
std5_Jakes,8PSK,"RS(255,239)_D8",239,8,1912,2040,1,0,100,0,1.60844477530617,35.8718769133504,35.8718769133468,0,32,34,34,-65.44966122375,1,1,,3.2732677
std5_Jakes,16QAM,"RS(255,223)_D1",223,1,223,255,1,0.5,0,NaN,2.74339812645081,31.2342232458385,31.3065786212968,0,0,6,34,-65.3041084687913,0,1,,1.371327
std5_Jakes,16QAM,"RS(255,223)_D2",223,2,446,510,1,0.5,0,NaN,3.51953208929878,29.0703014153413,29.0834839402894,0,0,5,34,-65.2853128192305,0,1,,1.6120086
std5_Jakes,16QAM,"RS(255,223)_D3",223,3,669,765,1,0.5,0,NaN,3.00982367305319,30.4291789257515,30.3928944713424,0,0,3,34,-65.2502931224201,0,1,,1.882215
std5_Jakes,16QAM,"RS(255,223)_D4",223,4,892,1020,1,0.5,0,NaN,2.9744245769525,30.5319407817369,30.6097598406574,0,0,4,34,-65.3351016176495,0,1,,2.0798066
std5_Jakes,16QAM,"RS(255,223)_D5",223,5,1115,1275,1,0.5,0,NaN,3.05465004430537,30.3007707495595,30.2952082194109,0,0,9,34,-65.1945015547283,0,1,,2.2365105
std5_Jakes,16QAM,"RS(255,223)_D8",223,8,1784,2040,1,0.5,0,NaN,3.13370927454639,30.0788259411193,30.1498143210303,0,0,7,34,-65.2910334297469,0,1,,2.6120857
std5_Jakes,16QAM,"RS(255,239)_D1",239,1,239,255,1,0.5,0,NaN,3.52233854885872,29.0633780847223,29.1247854290006,0,0,4,34,-65.3201396011094,0,1,,1.3634842
std5_Jakes,16QAM,"RS(255,239)_D2",239,2,478,510,1,0.5,0,NaN,3.38303926195716,29.4138592393193,29.4711539461509,0,0,13,34,-65.2933047090057,0,1,,1.6098578
std5_Jakes,16QAM,"RS(255,239)_D3",239,3,717,765,1,0.5,0,NaN,2.7142572016517,31.3269800239786,31.3387767975363,0,0,6,34,-65.2536821662808,0,1,,1.8732854
std5_Jakes,16QAM,"RS(255,239)_D4",239,4,956,1020,1,0.5,0,NaN,2.70647640764396,31.3519150860321,31.4215360399809,0,0,9,34,-65.3377027104339,0,1,,2.0587947
std5_Jakes,16QAM,"RS(255,239)_D5",239,5,1195,1275,1,0.5,0,NaN,2.99440682980863,30.4737839065928,30.4703081602526,0,0,6,34,-65.1968189383036,0,1,,2.2151559
std5_Jakes,16QAM,"RS(255,239)_D8",239,8,1912,2040,1,0.5,0,NaN,3.34837265500363,29.5033242692186,29.4691414092466,0,0,4,34,-65.2961181094871,0,1,,2.6257558
std5_Jakes,GMSK,"RS(255,223)_D1",223,1,223,255,1,0,100,0,3.71587799971253,28.5987710653731,28.5987710653731,0,32,34,34,-65.3208033109574,1,1,,1.6709395
std5_Jakes,GMSK,"RS(255,223)_D2",223,2,446,510,1,0,100,0,3.8023287239546,28.3990067929243,28.3990067929243,0,32,34,34,-65.3078380820337,1,1,,2.2104525
std5_Jakes,GMSK,"RS(255,223)_D3",223,3,669,765,1,0,100,0,3.73456500843275,28.5551995259087,28.5551995259087,0,32,34,34,-65.3822279298208,1,1,,2.5511307
std5_Jakes,GMSK,"RS(255,223)_D4",223,4,892,1020,1,0,100,0,3.71406436442105,28.6030114848882,28.6030114848882,0,32,34,34,-65.2963276169608,1,1,,2.8948218
std5_Jakes,GMSK,"RS(255,223)_D5",223,5,1115,1275,1,0,100,0,3.74152470195228,28.5390276634432,28.5390276634432,0,32,34,34,-65.3224359924754,1,1,,3.1298501
std5_Jakes,GMSK,"RS(255,223)_D8",223,8,1784,2040,1,0,100,0,3.72980238847111,28.5662835454348,28.5662835454348,0,32,34,34,-65.2685288918603,1,1,,3.8878072
std5_Jakes,GMSK,"RS(255,239)_D1",239,1,239,255,1,0,100,0,3.73500124631637,28.5541849786143,28.5541849786143,0,32,34,34,-65.3208033109574,1,1,,1.6777028
std5_Jakes,GMSK,"RS(255,239)_D2",239,2,478,510,1,0,100,0,3.78960759548495,28.4281151565145,28.4281151565145,0,32,34,34,-65.3078380820337,1,1,,2.208257
std5_Jakes,GMSK,"RS(255,239)_D3",239,3,717,765,1,0,100,0,3.72680365973077,28.5732697340919,28.5732697340919,0,32,34,34,-65.3822279298208,1,1,,2.5573586
std5_Jakes,GMSK,"RS(255,239)_D4",239,4,956,1020,1,0,100,0,3.70969744510417,28.6132301811753,28.6132301811753,0,32,34,34,-65.2963276169608,1,1,,2.868193
std5_Jakes,GMSK,"RS(255,239)_D5",239,5,1195,1275,1,0,100,0,3.75086886394278,28.5173623835361,28.5173623835361,0,32,34,34,-65.3224359924754,1,1,,3.1349643
std5_Jakes,GMSK,"RS(255,239)_D8",239,8,1912,2040,1,0,100,0,3.7299785315666,28.5658733565822,28.5658733565822,0,32,34,34,-65.2685288918603,1,1,,3.903406
std6_CLoo,QPSK,"RS(255,223)_D1",223,1,223,255,1,0,100,0,4.5869115406114,26.7695927046408,26.7695927046404,0,32,34,34,-69.7997781447402,1,1,,1.4391817
std6_CLoo,QPSK,"RS(255,223)_D2",223,2,446,510,1,0,100,0,6.26022921232056,24.0681953044061,24.0681953044059,0,32,34,34,-68.8350202158222,1,1,,1.8224863
std6_CLoo,QPSK,"RS(255,223)_D3",223,3,669,765,1,0,100,0,1.95086903559911,34.195437687719,34.1954376877166,0,32,34,34,-68.5796411539479,1,1,,2.1438349
std6_CLoo,QPSK,"RS(255,223)_D4",223,4,892,1020,1,0,100,0,8.26572431093194,21.6543816792175,21.6543816792173,0,32,34,34,-68.8011910041767,1,1,,2.4380143
std6_CLoo,QPSK,"RS(255,223)_D5",223,5,1115,1275,1,0,100,0,1.78951079034565,34.9453135713699,34.945313571367,0,32,34,34,-68.7874902166446,1,1,,2.5739346
std6_CLoo,QPSK,"RS(255,223)_D8",223,8,1784,2040,1,0,100,0,4.63652696257893,26.6761442068246,26.6761442068242,0,32,34,34,-68.4191373770797,1,1,,2.9928423
std6_CLoo,QPSK,"RS(255,239)_D1",239,1,239,255,1,0,100,0,4.88656496278808,26.2199264654789,26.2199264654785,0,32,34,34,-69.7998397443159,1,1,,1.4402504
std6_CLoo,QPSK,"RS(255,239)_D2",239,2,478,510,1,0,100,0,6.20580792323196,24.1440334089764,24.1440334089762,0,32,34,34,-68.8348104885516,1,1,,1.8158324
std6_CLoo,QPSK,"RS(255,239)_D3",239,3,717,765,1,0,100,0,1.96981275571767,34.1115010912192,34.1115010912168,0,32,34,34,-68.579370708744,1,1,,2.1506576
std6_CLoo,QPSK,"RS(255,239)_D4",239,4,956,1020,1,0,100,0,8.24612499857441,21.6750017249652,21.675001724965,0,32,34,34,-68.8009307368794,1,1,,2.4170589
std6_CLoo,QPSK,"RS(255,239)_D5",239,5,1195,1275,1,0,100,0,1.77857589169707,34.9985519754108,34.9985519754079,0,32,34,34,-68.7873514402842,1,1,,2.5740891
std6_CLoo,QPSK,"RS(255,239)_D8",239,8,1912,2040,1,0,100,0,4.46109228614879,27.01117584922,27.0111758492196,0,32,34,34,-68.4192126469985,1,1,,3.0056911
std6_CLoo,8PSK,"RS(255,223)_D1",223,1,223,255,1,0,97.0588235294118,0,1.96243698893427,34.1440855787621,34.1440855787597,0,31,33,34,-70.5063375378411,1,1,,1.5005668
std6_CLoo,8PSK,"RS(255,223)_D2",223,2,446,510,1,0,100,0,2.3174192772478,32.6999076943179,32.6999076943162,0,31,34,34,-69.655787194946,1,1,,1.9595473
std6_CLoo,8PSK,"RS(255,223)_D3",223,3,669,765,1,0,100,0,5.97997357958379,24.4660146957044,24.4660146957041,0,31,34,34,-68.8370386570712,1,1,,2.3477731
std6_CLoo,8PSK,"RS(255,223)_D4",223,4,892,1020,1,0,97.0588235294118,0,4.87479679355455,26.2408696640363,26.2408696640359,0,31,33,34,-68.7610421900795,1,1,,2.7353754
std6_CLoo,8PSK,"RS(255,223)_D5",223,5,1115,1275,1,0,100,0,1.76129384287339,35.0833636621116,35.0833636621086,0,31,34,34,-68.6215528180822,1,1,,2.8729193
std6_CLoo,8PSK,"RS(255,223)_D8",223,8,1784,2040,1,0,100,0,1.67827942528327,35.5027145917703,35.502714591767,0,32,34,34,-68.6638227081127,1,1,,3.2813934
std6_CLoo,8PSK,"RS(255,239)_D1",239,1,239,255,1,0,97.0588235294118,0,1.97407721202417,34.0927172957364,34.092717295734,0,31,33,34,-70.5068724277118,1,1,,1.5042795
std6_CLoo,8PSK,"RS(255,239)_D2",239,2,478,510,1,0,100,0,2.31492079993156,32.7092772569903,32.7092772569885,0,31,34,34,-69.6561158166576,1,1,,1.9427824
std6_CLoo,8PSK,"RS(255,239)_D3",239,3,717,765,1,0,100,0,6.20968831805885,24.1386039550648,24.1386039550646,0,32,34,34,-68.8370857372682,1,1,,2.3542114
std6_CLoo,8PSK,"RS(255,239)_D4",239,4,956,1020,1,0,97.0588235294118,0,4.615463575672,26.7156934409942,26.7156934409937,0,31,33,34,-68.7606384682877,1,1,,2.6543507
std6_CLoo,8PSK,"RS(255,239)_D5",239,5,1195,1275,1,0,97.0588235294118,0,1.75835041681458,35.0978914257027,35.0978914256997,0,31,33,34,-68.6215139339975,1,1,,2.8696266
std6_CLoo,8PSK,"RS(255,239)_D8",239,8,1912,2040,1,0,100,0,1.67656743605692,35.5115794678061,35.5115794678028,0,31,34,34,-68.6636550489236,1,1,,3.2910483
std6_CLoo,16QAM,"RS(255,223)_D1",223,1,223,255,1,0.5,0,NaN,4.65711012033198,26.63766985553,26.6997622609062,0,0,6,34,-70.2686348893209,0,1,,1.388296
std6_CLoo,16QAM,"RS(255,223)_D2",223,2,446,510,1,0.5,0,NaN,5.53375973920152,25.1395940134211,25.145843355513,0,0,4,34,-69.8517419586011,0,1,,1.6182289
std6_CLoo,16QAM,"RS(255,223)_D3",223,3,669,765,1,0.5,0,NaN,3.95992516323643,28.0462604304825,28.0099759760738,0,0,3,34,-69.264124772996,0,1,,1.8944355
std6_CLoo,16QAM,"RS(255,223)_D4",223,4,892,1020,1,0.5,0,NaN,4.96797284956878,26.0764157256902,26.1254734555267,0,0,4,34,-68.8246129115385,0,1,,2.1080016
std6_CLoo,16QAM,"RS(255,223)_D5",223,5,1115,1275,1,0.5,0,NaN,3.49901806229952,29.1210763127496,29.1155137826012,0,0,9,34,-68.6594075344266,0,1,,2.2576201
std6_CLoo,16QAM,"RS(255,223)_D8",223,8,1784,2040,1,0.5,0,NaN,6.21497928916796,24.1312062853061,24.15338543249,0,0,7,34,-68.8010030458269,0,1,,2.6586604
std6_CLoo,16QAM,"RS(255,239)_D1",239,1,239,255,1,0.5,0,NaN,5.13567639410522,25.7880469911599,25.8391654303206,0,0,3,34,-70.2605579962777,0,1,,1.3614224
std6_CLoo,16QAM,"RS(255,239)_D2",239,2,478,510,1,0.5,0,NaN,5.44488876233489,25.2802197668238,25.3327114691798,0,0,13,34,-69.8196477148211,0,1,,1.6141652
std6_CLoo,16QAM,"RS(255,239)_D3",239,3,717,765,1,0.5,0,NaN,3.82613103185191,28.3448032191812,28.3565999927395,0,0,6,34,-69.2504387778897,0,1,,1.9461521
std6_CLoo,16QAM,"RS(255,239)_D4",239,4,956,1020,1,0.5,0,NaN,4.60185773388462,26.7413362328777,26.7835178611843,0,0,4,34,-68.8180396018355,0,1,,2.1245113
std6_CLoo,16QAM,"RS(255,239)_D5",239,5,1195,1275,1,0.5,0,NaN,3.50621574403403,29.1032272893124,29.0997515429725,0,0,6,34,-68.636481742093,0,1,,2.3672066
std6_CLoo,16QAM,"RS(255,239)_D8",239,8,1912,2040,1,0.5,0,NaN,6.48257482923076,23.7650492282044,23.6872253885664,0,0,4,34,-68.7874688040123,0,1,,2.737528
std6_CLoo,GMSK,"RS(255,223)_D1",223,1,223,255,1,0,76.4705882352941,0,6.67299063642675,23.513589691059,23.513589691059,0,24,26,34,-68.8402342220412,0,1,,1.7640582
std6_CLoo,GMSK,"RS(255,223)_D2",223,2,446,510,1,0,100,0,8.27663097557254,21.6429281591505,21.6429281591505,0,32,34,34,-68.8015089794382,1,1,,2.2868262
std6_CLoo,GMSK,"RS(255,223)_D3",223,3,669,765,1,0,64.7058823529412,0,3.72080491692551,28.5872619917959,28.5872619917959,0,20,22,34,-68.6117948701416,0,1,,2.7037033
std6_CLoo,GMSK,"RS(255,223)_D4",223,4,892,1020,1,0.0058768918161435,52.9411764705882,0.0625,5.12595822837926,25.8044987443788,25.8044987443788,1,16,18,34,-68.3961778634925,0,1,,3.0927736
std6_CLoo,GMSK,"RS(255,223)_D5",223,5,1115,1275,1,0.0296352190410486,82.3529411764706,0.0769230769230769,5.32843131077216,25.4680125674947,25.4680125674947,2,26,28,34,-68.551528987857,0,1,,3.4520232
std6_CLoo,GMSK,"RS(255,223)_D8",223,8,1784,2040,1,0.0641582585949178,52.9411764705882,0.0833333333333333,4.34912685051601,27.2319585025879,27.2319585025879,1,12,18,34,-68.520073788768,0,1,,4.1520037
std6_CLoo,GMSK,"RS(255,239)_D1",239,1,239,255,1,0,100,0,6.62422093180658,23.5773038268053,23.5773038268053,0,32,34,34,-68.8402342220412,1,1,,1.6809736
std6_CLoo,GMSK,"RS(255,239)_D2",239,2,478,510,1,0,100,0,8.30399105073792,21.6142625507438,21.6142625507438,0,32,34,34,-68.8015089794382,1,1,,2.2126625
std6_CLoo,GMSK,"RS(255,239)_D3",239,3,717,765,1,0.0682640341701534,52.9411764705882,0.125,3.72615895069249,28.5747724577367,28.5747724577367,2,16,18,34,-68.6117948701416,0,1,,2.6267353
std6_CLoo,GMSK,"RS(255,239)_D4",239,4,956,1020,1,0.0782931111775254,88.2352941176471,0.107142857142857,5.40824000327447,25.3388808761474,25.3388808761474,3,28,30,34,-68.3961778634925,0,1,,2.9970619
std6_CLoo,GMSK,"RS(255,239)_D5",239,5,1195,1275,1,0.0454305219114732,61.7647058823529,0.157894736842105,5.369963112608,25.400573950984,25.400573950984,3,19,21,34,-68.551528987857,0,1,,3.316283
std6_CLoo,GMSK,"RS(255,239)_D8",239,8,1912,2040,1,0.0287207439853556,61.7647058823529,0.0625,4.3181358677394,27.2940739390576,27.2940739390576,1,16,21,34,-68.520073788768,0,1,,4.134892
std7_Corazza,QPSK,"RS(255,223)_D1",223,1,223,255,1,0,100,0,4.58691174973632,26.7695923086367,26.7695923086363,0,32,34,34,-72.7997775619802,1,1,,1.4594354
std7_Corazza,QPSK,"RS(255,223)_D2",223,2,446,510,1,0,100,0,6.26022943837693,24.0681949907593,24.0681949907591,0,32,34,34,-71.8350197491777,1,1,,1.8229139
std7_Corazza,QPSK,"RS(255,223)_D3",223,3,669,765,1,0,100,0,1.95086904433314,34.1954376488324,34.1954376488299,0,32,34,34,-71.5796407139583,1,1,,2.1535559
std7_Corazza,QPSK,"RS(255,223)_D4",223,4,892,1020,1,0,100,0,8.26572458172776,21.6543813946565,21.6543813946564,0,32,34,34,-71.8011905411798,1,1,,2.4307996
std7_Corazza,QPSK,"RS(255,223)_D5",223,5,1115,1275,1,0,100,0,1.78951079911958,34.9453135287832,34.9453135287803,0,32,34,34,-71.7874897551085,1,1,,2.5747492
std7_Corazza,QPSK,"RS(255,223)_D8",223,8,1784,2040,1,0,100,0,4.63652712000079,26.6761439119166,26.6761439119162,0,32,34,34,-71.4191369530813,1,1,,3.0006415
std7_Corazza,QPSK,"RS(255,239)_D1",239,1,239,255,1,0,100,0,4.88656518648874,26.2199260678501,26.2199260678497,0,32,34,34,-72.7998391615361,1,1,,1.428055
std7_Corazza,QPSK,"RS(255,239)_D2",239,2,478,510,1,0,100,0,6.20580815643023,24.1440330825831,24.1440330825828,0,32,34,34,-71.8348100219276,1,1,,1.8017644
std7_Corazza,QPSK,"RS(255,239)_D3",239,3,717,765,1,0,100,0,1.96981276532777,34.1115010488434,34.111501048841,0,32,34,34,-71.5793702687905,1,1,,2.1564965
std7_Corazza,QPSK,"RS(255,239)_D4",239,4,956,1020,1,0,100,0,8.24612526685953,21.6750014423724,21.6750014423723,0,32,34,34,-71.800930273903,1,1,,2.4409564
std7_Corazza,QPSK,"RS(255,239)_D5",239,5,1195,1275,1,0,100,0,1.778575900651,34.9985519316832,34.9985519316803,0,32,34,34,-71.7873509787682,1,1,,2.5666449
std7_Corazza,QPSK,"RS(255,239)_D8",239,8,1912,2040,1,0,100,0,4.46109242838573,27.0111755722801,27.0111755722797,0,32,34,34,-71.4192122229943,1,1,,3.0078057
std7_Corazza,8PSK,"RS(255,223)_D1",223,1,223,255,1,0,97.0588235294118,0,1.96243699031232,34.1440855726628,34.1440855726604,0,31,33,34,-73.5063368520753,1,1,,1.5139417
std7_Corazza,8PSK,"RS(255,223)_D2",223,2,446,510,1,0,100,0,2.31741928095503,32.6999076804229,32.6999076804211,0,31,34,34,-72.6557866311917,1,1,,2.0488258
std7_Corazza,8PSK,"RS(255,223)_D3",223,3,669,765,1,0,100,0,5.97997382395321,24.4660143407587,24.4660143407585,0,31,34,34,-71.8370381902097,1,1,,2.4619216
std7_Corazza,8PSK,"RS(255,223)_D4",223,4,892,1020,1,0,97.0588235294118,0,4.87479696664899,26.2408693556174,26.2408693556171,0,31,33,34,-71.7610417313358,1,1,,2.9947272
std7_Corazza,8PSK,"RS(255,223)_D5",223,5,1115,1275,1,0,100,0,1.76129384842447,35.0833636347362,35.0833636347332,0,31,34,34,-71.6215523738397,1,1,,3.0167606
std7_Corazza,8PSK,"RS(255,223)_D8",223,8,1784,2040,1,0,100,0,1.6782794345048,35.5027145440445,35.5027145440412,0,32,34,34,-71.6638222595335,1,1,,3.3949258
std7_Corazza,8PSK,"RS(255,239)_D1",239,1,239,255,1,0,97.0588235294118,0,1.97407721354717,34.0927172890353,34.0927172890329,0,31,33,34,-73.5068717418204,1,1,,1.5856805
std7_Corazza,8PSK,"RS(255,239)_D2",239,2,478,510,1,0,100,0,2.31492080333753,32.7092772442106,32.7092772442089,0,31,34,34,-72.6561152528758,1,1,,2.0039046
std7_Corazza,8PSK,"RS(255,239)_D3",239,3,717,765,1,0,100,0,6.20968854539535,24.1386036370746,24.1386036370744,0,32,34,34,-71.8370852704016,1,1,,2.4356743
std7_Corazza,8PSK,"RS(255,239)_D4",239,4,956,1020,1,0,97.0588235294118,0,4.61546373914404,26.7156931333544,26.715693133354,0,31,33,34,-71.760638009563,1,1,,2.7923097
std7_Corazza,8PSK,"RS(255,239)_D5",239,5,1195,1275,1,0,97.0588235294118,0,1.75835042242981,35.0978913979646,35.0978913979616,0,31,33,34,-71.6215134897679,1,1,,3.0672387
std7_Corazza,8PSK,"RS(255,239)_D8",239,8,1912,2040,1,0,100,0,1.67656744570442,35.5115794178248,35.5115794178214,0,31,34,34,-71.6636546003691,1,1,,3.5314103
std7_Corazza,16QAM,"RS(255,223)_D1",223,1,223,255,1,0.5,0,NaN,4.65711024343812,26.637669625927,26.6997620313032,0,0,6,34,-73.2686342509304,0,1,,1.455446
std7_Corazza,16QAM,"RS(255,223)_D2",223,2,446,510,1,0.5,0,NaN,5.53375987842841,25.1395937948881,25.14584313698,0,0,4,34,-72.8517413739804,0,1,,1.698093
std7_Corazza,16QAM,"RS(255,223)_D3",223,3,669,765,1,0.5,0,NaN,3.95992519427472,28.0462603624016,28.0099759079929,0,0,3,34,-72.2641242605065,0,1,,1.9962483
std7_Corazza,16QAM,"RS(255,223)_D4",223,4,892,1020,1,0.5,0,NaN,4.96797287451876,26.0764156820682,26.1254734119047,0,0,4,34,-71.8246124480617,0,1,,2.1703341
std7_Corazza,16QAM,"RS(255,223)_D5",223,5,1115,1275,1,0.5,0,NaN,3.49901807127361,29.1210762904725,29.1155137603241,0,0,9,34,-71.6594070887713,0,1,,2.3588958
std7_Corazza,16QAM,"RS(255,223)_D8",223,8,1784,2040,1,0.5,0,NaN,6.21497938856408,24.1312061463927,24.1533852935766,0,0,7,34,-71.801002583942,0,1,,2.7846546
std7_Corazza,16QAM,"RS(255,239)_D1",239,1,239,255,1,0.5,0,NaN,5.1356764855408,25.7880468365164,25.839165275677,0,0,3,34,-73.2605573595191,0,1,,1.4407988
std7_Corazza,16QAM,"RS(255,239)_D2",239,2,478,510,1,0.5,0,NaN,5.44488891061138,25.2802195302876,25.3327112326436,0,0,13,34,-72.8196471339575,0,1,,1.6765242
std7_Corazza,16QAM,"RS(255,239)_D3",239,3,717,765,1,0.5,0,NaN,3.82613106973477,28.3448031331814,28.3565999067398,0,0,6,34,-72.2504382674864,0,1,,2.0090374
std7_Corazza,16QAM,"RS(255,239)_D4",239,4,956,1020,1,0.5,0,NaN,4.60185776850518,26.7413361675323,26.7835177958389,0,0,4,34,-71.8180391401218,0,1,,2.1812413
std7_Corazza,16QAM,"RS(255,239)_D5",239,5,1195,1275,1,0.5,0,NaN,3.50621575162999,29.103227270495,29.0997515241551,0,0,6,34,-71.6364812985992,0,1,,2.3587193
std7_Corazza,16QAM,"RS(255,239)_D8",239,8,1912,2040,1,0.5,0,NaN,6.48257492679302,23.7650490974824,23.6872252578444,0,0,4,34,-71.787468343672,0,1,,2.7649119
std7_Corazza,GMSK,"RS(255,223)_D1",223,1,223,255,1,0,76.4705882352941,0,6.67299064003482,23.5135896863626,23.5135896863626,0,24,26,34,-71.8402342146929,0,1,,1.8142703
std7_Corazza,GMSK,"RS(255,223)_D2",223,2,446,510,1,0,100,0,8.27663098009267,21.6429281544068,21.6429281544068,0,32,34,34,-71.8015089721551,1,1,,2.3471541
std7_Corazza,GMSK,"RS(255,223)_D3",223,3,669,765,1,0,64.7058823529412,0,3.72080491692664,28.5872619917933,28.5872619917933,0,20,22,34,-71.6117948631699,0,1,,2.8125197
std7_Corazza,GMSK,"RS(255,223)_D4",223,4,892,1020,1,0.0058768918161435,52.9411764705882,0.0625,5.12595823057215,25.804498740663,25.804498740663,1,16,18,34,-71.3961778568584,0,1,,3.2182877
std7_Corazza,GMSK,"RS(255,223)_D5",223,5,1115,1275,1,0.0296352190410486,82.3529411764706,0.0769230769230769,5.32843131255346,25.468012564591,25.468012564591,2,26,28,34,-71.5515289809813,0,1,,3.4917923
std7_Corazza,GMSK,"RS(255,223)_D8",223,8,1784,2040,1,0.0641582585949178,52.9411764705882,0.0833333333333333,4.34912685066957,27.2319585022812,27.2319585022812,1,12,18,34,-71.5200737819419,0,1,,4.4454427
std7_Corazza,GMSK,"RS(255,239)_D1",239,1,239,255,1,0,100,0,6.62422093539598,23.5773038220988,23.5773038220988,0,32,34,34,-71.8402342146929,1,1,,1.7710007
std7_Corazza,GMSK,"RS(255,239)_D2",239,2,478,510,1,0,100,0,8.30399105518689,21.6142625460902,21.6142625460902,0,32,34,34,-71.8015089721551,1,1,,2.3232189
std7_Corazza,GMSK,"RS(255,239)_D3",239,3,717,765,1,0.0682640341701534,52.9411764705882,0.125,3.726158950692,28.5747724577378,28.5747724577378,2,16,18,34,-71.6117948631699,0,1,,2.7926245
std7_Corazza,GMSK,"RS(255,239)_D4",239,4,956,1020,1,0.0782931111775254,88.2352941176471,0.107142857142857,5.40824000539362,25.3388808727439,25.3388808727439,3,28,30,34,-71.3961778568584,0,1,,3.2388847
std7_Corazza,GMSK,"RS(255,239)_D5",239,5,1195,1275,1,0.0454305219114732,61.7647058823529,0.157894736842105,5.36996311442626,25.400573948043,25.400573948043,3,19,21,34,-71.5515289809813,0,1,,3.5151459
std7_Corazza,GMSK,"RS(255,239)_D8",239,8,1912,2040,1,0.0287207439853556,61.7647058823529,0.0625,4.31813586787322,27.2940739387884,27.2940739387884,1,16,21,34,-71.5200737819419,0,1,,4.4042337
std8_Lutz,QPSK,"RS(255,223)_D1",223,1,223,255,1,0,100,0,1.55666204606776,36.1561132651298,36.156113265126,0,32,34,34,-62.1000938020746,1,1,,1.5592524
std8_Lutz,QPSK,"RS(255,223)_D2",223,2,446,510,1,0,100,0,1.51314250378584,36.402403386747,36.402403386743,0,32,34,34,-62.1514424499171,1,1,,1.8984009
std8_Lutz,QPSK,"RS(255,223)_D3",223,3,669,765,1,0,100,0,1.46090669416009,36.70755041787,36.7075504178656,0,32,34,34,-62.0258126598761,1,1,,2.2583526
std8_Lutz,QPSK,"RS(255,223)_D4",223,4,892,1020,1,0,100,0,1.69185136021876,35.4327559024459,35.4327559024426,0,32,34,34,-62.0947489904415,1,1,,2.7026416
std8_Lutz,QPSK,"RS(255,223)_D5",223,5,1115,1275,1,0,100,0,1.69830356998549,35.3996935493813,35.3996935493781,0,32,34,34,-62.2406607263188,1,1,,2.855134
std8_Lutz,QPSK,"RS(255,223)_D8",223,8,1784,2040,1,0,100,0,1.48489293182203,36.5660972002719,36.5660972002677,0,32,34,34,-62.0450567514504,1,1,,3.3186768
std8_Lutz,QPSK,"RS(255,239)_D1",239,1,239,255,1,0,100,0,1.56426871160612,36.1137728267539,36.11377282675,0,32,34,34,-62.1001092395449,1,1,,1.5472147
std8_Lutz,QPSK,"RS(255,239)_D2",239,2,478,510,1,0,100,0,1.49546692212091,36.5044637716666,36.5044637716625,0,32,34,34,-62.1514066665209,1,1,,1.979708
std8_Lutz,QPSK,"RS(255,239)_D3",239,3,717,765,1,0,100,0,1.45720477563079,36.7295882826854,36.729588282681,0,32,34,34,-62.0257076183295,1,1,,2.3656982
std8_Lutz,QPSK,"RS(255,239)_D4",239,4,956,1020,1,0,100,0,1.68963222191839,35.4441563381822,35.4441563381789,0,32,34,34,-62.0946434257724,1,1,,2.6421846
std8_Lutz,QPSK,"RS(255,239)_D5",239,5,1195,1275,1,0,100,0,1.67393683859351,35.525218658848,35.5252186588447,0,32,34,34,-62.2405849613395,1,1,,2.7995571
std8_Lutz,QPSK,"RS(255,239)_D8",239,8,1912,2040,1,0,100,0,1.46938783245592,36.6572712146882,36.6572712146839,0,32,34,34,-62.0450103884875,1,1,,3.3468478
std8_Lutz,8PSK,"RS(255,223)_D1",223,1,223,255,1,0,100,0,1.59780316077611,35.929534481094,35.9295344810903,0,31,34,34,-62.2100332895135,1,1,,1.5994392
std8_Lutz,8PSK,"RS(255,223)_D2",223,2,446,510,1,0,100,0,1.60968843017148,35.8651635495734,35.8651635495698,0,31,34,34,-61.9827557682208,1,1,,2.0444618
std8_Lutz,8PSK,"RS(255,223)_D3",223,3,669,765,1,0,100,0,1.49841973689087,36.4873303030681,36.4873303030639,0,32,34,34,-62.1545403987164,1,1,,2.4905683
std8_Lutz,8PSK,"RS(255,223)_D4",223,4,892,1020,1,0,100,0,1.63981667871374,35.7040940131084,35.704094013105,0,31,34,34,-62.0337534782635,1,1,,2.8147058
std8_Lutz,8PSK,"RS(255,223)_D5",223,5,1115,1275,1,0,97.0588235294118,0,1.5767455153801,36.044767911287,36.0447679112832,0,31,33,34,-62.0585508298681,1,1,,3.0417395
std8_Lutz,8PSK,"RS(255,223)_D8",223,8,1784,2040,1,0,100,0,1.61046323350435,35.8609837114333,35.8609837114297,0,32,34,34,-62.228850468028,1,1,,3.5342128
std8_Lutz,8PSK,"RS(255,239)_D1",239,1,239,255,1,0,97.0588235294118,0,1.61356849608468,35.8442518808109,35.8442518808073,0,31,33,34,-62.2101077544274,1,1,,1.6448313
std8_Lutz,8PSK,"RS(255,239)_D2",239,2,478,510,1,0,100,0,1.60767380360695,35.8760412966326,35.876041296629,0,31,34,34,-61.9826826724933,1,1,,2.0562254
std8_Lutz,8PSK,"RS(255,239)_D3",239,3,717,765,1,0,97.0588235294118,0,1.48574347012452,36.5611233959885,36.5611233959843,0,31,33,34,-62.1546217156808,1,1,,2.5290675
std8_Lutz,8PSK,"RS(255,239)_D4",239,4,956,1020,1,0,97.0588235294118,0,1.61485314656142,35.8373393185197,35.8373393185161,0,31,33,34,-62.0336271182976,1,1,,2.8541765
std8_Lutz,8PSK,"RS(255,239)_D5",239,5,1195,1275,1,0,100,0,1.59501266303677,35.9447172933251,35.9447172933214,0,32,34,34,-62.0585268925187,1,1,,3.0433846
std8_Lutz,8PSK,"RS(255,239)_D8",239,8,1912,2040,1,0,100,0,1.61624043706923,35.8298806345322,35.8298806345286,0,32,34,34,-62.2289382006373,1,1,,3.5524637
std8_Lutz,16QAM,"RS(255,223)_D1",223,1,223,255,1,0.5,0,NaN,2.77922527184101,31.1215249957058,31.1938803711641,0,0,6,34,-62.1426899235561,0,1,,1.4490279
std8_Lutz,16QAM,"RS(255,223)_D2",223,2,446,510,1,0.5,0,NaN,3.51752247780982,29.075262372775,29.0884448977231,0,0,5,34,-62.1179123876005,0,1,,1.7200003
std8_Lutz,16QAM,"RS(255,223)_D3",223,3,669,765,1,0.5,0,NaN,3.01417285927927,30.4166369005574,30.3803524461483,0,0,3,34,-62.0774739661066,0,1,,1.9965027
std8_Lutz,16QAM,"RS(255,223)_D4",223,4,892,1020,1,0.5,0,NaN,2.93277718642295,30.6544186134388,30.7322376723592,0,0,4,34,-62.1559387157816,0,1,,2.2598774
std8_Lutz,16QAM,"RS(255,223)_D5",223,5,1115,1275,1,0.5,0,NaN,3.06440938770454,30.2730643177056,30.267501787557,0,0,9,34,-62.0094846990496,0,1,,2.3938544
std8_Lutz,16QAM,"RS(255,223)_D8",223,8,1784,2040,1,0.5,0,NaN,3.08767344889808,30.2073727343473,30.2783611142582,0,0,7,34,-62.0871707404868,0,1,,2.9366325
std8_Lutz,16QAM,"RS(255,239)_D1",239,1,239,255,1,0.5,0,NaN,3.51483689911969,29.081896459573,29.1433038038513,0,0,4,34,-62.1585896369398,0,1,,1.5005147
std8_Lutz,16QAM,"RS(255,239)_D2",239,2,478,510,1,0.5,0,NaN,3.37281772035364,29.4401425813963,29.4974372882279,0,0,13,34,-62.1258323588035,0,1,,1.8246243
std8_Lutz,16QAM,"RS(255,239)_D3",239,3,717,765,1,0.5,0,NaN,2.7264527405114,31.288040516763,31.2998372903207,0,0,6,34,-62.0808241224455,0,1,,2.1533864
std8_Lutz,16QAM,"RS(255,239)_D4",239,4,956,1020,1,0.5,0,NaN,2.67545681730366,31.4520410855947,31.5216620395434,0,0,4,34,-62.158484645178,0,1,,2.4012999
std8_Lutz,16QAM,"RS(255,239)_D5",239,5,1195,1275,1,0.5,0,NaN,2.97653475606751,30.5257808392295,30.5223050928893,0,0,6,34,-62.0117937349917,0,1,,2.5889034
std8_Lutz,16QAM,"RS(255,239)_D8",239,8,1912,2040,1,0.5,0,NaN,3.36511940524767,29.4599904200622,29.4258075600902,0,0,4,34,-62.0922391998106,0,1,,3.0256035
std8_Lutz,GMSK,"RS(255,223)_D1",223,1,223,255,1,0,100,0,3.72385175014559,28.5801523399325,28.5801523399325,0,32,34,34,-62.1413396313236,1,1,,1.9170262
std8_Lutz,GMSK,"RS(255,223)_D2",223,2,446,510,1,0,100,0,3.79602479188996,28.4134191970453,28.4134191970453,0,32,34,34,-62.1036359339325,1,1,,2.5867626
std8_Lutz,GMSK,"RS(255,223)_D3",223,3,669,765,1,0,100,0,3.75395498054088,28.5102187995567,28.5102187995567,0,32,34,34,-62.1523167326237,1,1,,2.9312141
std8_Lutz,GMSK,"RS(255,223)_D4",223,4,892,1020,1,0,100,0,3.73151049942639,28.5623066411743,28.5623066411743,0,32,34,34,-62.0403926991925,1,1,,3.3597349
std8_Lutz,GMSK,"RS(255,223)_D5",223,5,1115,1275,1,0,100,0,3.74726807420243,28.5257047397659,28.5257047397659,0,32,34,34,-62.0413822769749,1,1,,3.9106691
std8_Lutz,GMSK,"RS(255,223)_D8",223,8,1784,2040,1,0,100,0,3.73232117886648,28.5604198161548,28.5604198161548,0,32,34,34,-61.9080849072342,1,1,,4.6800349
std8_Lutz,GMSK,"RS(255,239)_D1",239,1,239,255,1,0,100,0,3.72579687374386,28.5756165208237,28.5756165208237,0,32,34,34,-62.1413479497227,1,1,,1.8754689
std8_Lutz,GMSK,"RS(255,239)_D2",239,2,478,510,1,0,100,0,3.77516545575936,28.4612801922263,28.4612801922263,0,32,34,34,-62.1036244948811,1,1,,2.5213658
std8_Lutz,GMSK,"RS(255,239)_D3",239,3,717,765,1,0,100,0,3.7319628138965,28.5612538462064,28.5612538462064,0,32,34,34,-62.1523263826636,1,1,,2.9212524
std8_Lutz,GMSK,"RS(255,239)_D4",239,4,956,1020,1,0,100,0,3.71907393315709,28.5913037603655,28.5913037603655,0,32,34,34,-62.040397313883,1,1,,3.2901289
std8_Lutz,GMSK,"RS(255,239)_D5",239,5,1195,1275,1,0,100,0,3.73695649263151,28.5496391675459,28.5496391675459,0,32,34,34,-62.0414012473154,1,1,,3.6294841
std8_Lutz,GMSK,"RS(255,239)_D8",239,8,1912,2040,1,0,100,0,3.74370643446158,28.5339642825036,28.5339642825036,0,32,34,34,-61.908097379763,1,1,,4.6552694
